feature_name,mean_abs_shap,mean_signed_shap,importance_share,rank
categorical__shipping_mode_normalized_first_class,5.780122,5.780122,0.3810038,1
categorical__order_state_normalized_tabasco,0.31227824,-0.31227824,0.020584201,2
categorical__order_state_normalized_murcia,0.3095292,0.3095292,0.020402994,3
numeric_continuous__scheduled_shipping_days,0.30237073,0.06887957,0.019931136,4
categorical__shipping_speed_tier_standard,0.2683656,-0.2683656,0.017689645,5
categorical__order_country_normalized_repblica_democrtica_del_congo,0.23980965,0.23980965,0.015807346,6
categorical__order_state_normalized_duarte,0.22989981,0.22989981,0.015154127,7
categorical__order_state_normalized_manawatuwanganui,0.20480613,0.20480613,0.013500046,8
categorical__order_state_normalized_jrkov,0.18351592,0.18351592,0.012096676,9
categorical__order_state_normalized_atlntida,0.1729253,0.1729253,0.011398582,10
categorical__order_state_normalized_limburgo,0.161463,0.161463,0.010643031,11
categorical__order_country_normalized_suecia,0.16094881,0.16094881,0.010609138,12
categorical__order_state_normalized_matanzas,0.16091782,-0.16091782,0.0106070945,13
categorical__order_state_normalized_ontario,0.15887077,-0.15887077,0.010472161,14
categorical__order_state_normalized_mazovia,0.1588273,-0.1588273,0.010469296,15
categorical__order_state_normalized_marche,0.15643935,-0.15643935,0.01031189,16
categorical__order_state_normalized_flanders_oriental,0.15208763,0.15208763,0.010025042,17
categorical__order_state_normalized_dar_es_salaam,0.14198874,-0.14198874,0.009359362,18
categorical__order_state_normalized_delhi,0.13604945,-0.13604945,0.008967865,19
categorical__order_state_normalized_ginebra,0.13098662,0.13098662,0.008634143,20
categorical__order_state_normalized_ancash,0.13030408,-0.13030408,0.008589153,21
categorical__order_state_normalized_irkutsk,0.12931462,0.12931462,0.008523931,22
categorical__order_state_normalized_sind,0.1284769,-0.1284769,0.008468712,23
categorical__order_state_normalized_nusatenggara_occidental,0.12113505,-0.12113505,0.007984765,24
categorical__order_state_normalized_kurdistn,0.12029014,0.12029014,0.007929072,25
categorical__order_country_normalized_hungra,0.11378197,0.11378197,0.0075000776,26
categorical__order_state_normalized_pilsen,0.11094289,0.11094289,0.0073129362,27
categorical__order_state_normalized_khulna,0.10705069,-0.10705069,0.007056377,28
categorical__order_state_normalized_tamaulipas,0.10028623,0.10028623,0.0066104895,29
categorical__order_state_normalized_durango,0.098368034,0.09553968,0.006484049,30
categorical__order_state_normalized_santa_catarina,0.09494883,0.09494883,0.006258668,31
categorical__order_state_normalized_dnipropetrovsk,0.09310375,0.09310375,0.0061370474,32
categorical__order_state_normalized_kivu_del_sur,0.09252518,0.09252518,0.0060989102,33
categorical__customer_state_normalized_ny,0.090684496,0.090684496,0.0059775794,34
categorical__order_state_normalized_quintana_roo,0.08828346,0.08828346,0.005819312,35
categorical__order_state_normalized_san_juan,0.08717872,0.08717872,0.0057464917,36
categorical__order_state_normalized_finlandia_del_sudoeste,0.08556573,-0.08556573,0.0056401696,37
categorical__order_state_normalized_lombarda,0.08513957,-0.08513957,0.005612079,38
categorical__order_country_normalized_panam,0.08492257,-0.08492257,0.005597775,39
numeric_continuous__order_day_of_month,0.08405354,0.03803393,0.0055404915,40
categorical__order_state_normalized_mxico,0.08321506,-0.08321506,0.005485222,41
categorical__order_state_normalized_norte_de_santander,0.08274924,-0.08274924,0.0054545174,42
categorical__order_state_normalized_java_oriental,0.08218009,-0.08218009,0.005417001,43
categorical__order_state_normalized_borgoafranco_condado,0.08191847,0.08191847,0.005399756,44
numeric_continuous__order_hour,0.081060745,0.011169709,0.005343218,45
categorical__order_state_normalized_sarawak,0.07858279,0.07858279,0.0051798807,46
categorical__order_state_normalized_haryana,0.078071326,0.078071326,0.005146167,47
categorical__order_state_normalized_chiriqu,0.076335765,-0.076335765,0.005031765,48
categorical__order_state_normalized_sicilia,0.0747244,-0.0747244,0.00492555,49
categorical__customer_segment_normalized_corporate,0.07410704,-0.0740757,0.0048848563,50
categorical__order_state_normalized_amberes,0.07390647,-0.07390647,0.0048716348,51
categorical__customer_state_normalized_tn,0.07262003,0.07262003,0.004786838,52
categorical__order_state_normalized_umbra,0.07225533,0.07225533,0.004762798,53
categorical__order_state_normalized_coln,0.07043758,0.07043758,0.0046429792,54
categorical__customer_state_normalized_ks,0.0672242,-0.0672242,0.004431165,55
categorical__order_state_normalized_riad,0.06487321,0.06487321,0.004276197,56
categorical__order_state_normalized_guyarat,0.06265825,-0.034622673,0.004130195,57
categorical__customer_state_normalized_ca,0.062177733,0.062177733,0.004098521,58
categorical__order_country_normalized_mozambique,0.06053017,0.06053017,0.00398992,59
categorical__order_state_normalized_campania,0.059016272,-0.059016272,0.0038901297,60
categorical__order_state_normalized_nuevo_hampshire,0.056150146,0.056150146,0.0037012054,61
numeric_continuous__order_day_of_week,0.05477025,-0.019350138,0.003610248,62
categorical__order_country_normalized_canada,0.053526293,-0.053526293,0.003528251,63
numeric_continuous__order_quarter,0.05235173,-0.013056461,0.0034508284,64
categorical__order_country_normalized_malasia,0.05124891,0.05124891,0.0033781347,65
categorical__order_state_normalized_vargas,0.049605526,0.049605526,0.0032698088,66
categorical__order_state_normalized_kwazulunatal,0.04952701,-0.04952701,0.0032646335,67
categorical__customer_state_normalized_mo,0.04923321,-0.04923321,0.003245267,68
categorical__customer_segment_normalized_consumer,0.04636897,0.04636897,0.0030564673,69
categorical__order_state_normalized_washington,0.045958426,-0.045958426,0.0030294058,70
categorical__shipping_mode_normalized_second_class,0.043694086,-0.043694086,0.002880149,71
categorical__order_state_normalized_tolima,0.043086503,0.043086503,0.0028400994,72
categorical__customer_state_normalized_pa,0.042537164,0.042537164,0.002803889,73
categorical__order_state_normalized_hunan,0.042196807,0.042196807,0.002781454,74
categorical__order_state_normalized_languedocrosellnmediodapirineos,0.042035546,0.042035546,0.0027708244,75
categorical__customer_state_normalized_mn,0.041400228,0.038993157,0.0027289465,76
categorical__order_state_normalized_carabobo,0.04024021,0.04024021,0.0026524826,77
categorical__order_state_normalized_risaralda,0.03691232,0.03691232,0.0024331205,78
categorical__order_state_normalized_cuscatln,0.03525788,-0.03525788,0.0023240661,79
categorical__customer_state_normalized_ma,0.034714885,-0.034714885,0.002288274,80
categorical__shipping_mode_normalized_same_day,0.03421481,-0.03421481,0.002255311,81
categorical__customer_state_normalized_co,0.03385211,-0.03385211,0.0022314033,82
categorical__order_state_normalized_pensilvania,0.03311647,-0.033095326,0.0021829125,83
categorical__Type_PAYMENT,0.031960145,0.031960145,0.002106692,84
categorical__order_country_normalized_kenia,0.03110364,-0.03110364,0.0020502345,85
numeric_continuous__order_week_of_year,0.030794345,-0.011080358,0.002029847,86
categorical__order_state_normalized_cidade_de_maputo,0.029578686,-0.029578686,0.0019497152,87
categorical__order_state_normalized_badenwurtemberg,0.027922217,0.027922217,0.001840527,88
categorical__order_state_normalized_vornezh,0.027608564,0.027608564,0.0018198523,89
categorical__order_state_normalized_basileaciudad,0.027226428,-0.027226428,0.0017946633,90
categorical__order_state_normalized_victoria,0.027225878,0.027225878,0.001794627,91
categorical__order_country_normalized_colombia,0.026332995,0.024708731,0.0017357715,92
categorical__order_country_normalized_cuba,0.024018107,-0.024018107,0.0015831828,93
categorical__order_state_normalized_huehuetenango,0.02339356,0.02339356,0.0015420151,94
categorical__product_category_key_17_cleats,0.023084559,0.023084559,0.0015216469,95
categorical__order_state_normalized_manisa,0.023023525,0.023023525,0.0015176238,96
categorical__order_state_normalized_ivanovo,0.022463592,-0.022463592,0.0014807151,97
categorical__Type_CASH,0.021549331,0.021549331,0.0014204505,98
categorical__Type_TRANSFER,0.02073533,0.0025115134,0.0013667947,99
categorical__order_state_normalized_sajonia,0.020560285,-0.020560285,0.0013552563,100
categorical__customer_state_normalized_or,0.02046022,-0.02046022,0.0013486604,101
categorical__order_state_normalized_alejandra,0.02006767,-0.02006767,0.0013227849,102
categorical__customer_segment_normalized_home_office,0.020029511,0.0156338,0.0013202697,103
binary_flags__is_standard_shipping,0.019044269,-0.016411716,0.0012553262,104
categorical__market_normalized_pacific_asia,0.01887296,-0.01887296,0.0012440342,105
categorical__order_state_normalized_san_fernando,0.018765831,0.018765831,0.0012369727,106
categorical__order_state_normalized_pinar_del_ro,0.018317943,-0.018317943,0.0012074496,107
categorical__order_state_normalized_alsaciachampaaardenaslorena,0.018022804,0.018022804,0.0011879951,108
categorical__order_state_normalized_cabo_oriental,0.017703526,-0.017703526,0.0011669495,109
categorical__order_state_normalized_luanda,0.01711544,-0.01711544,0.0011281852,110
categorical__order_state_normalized_valenciana,0.016942006,-0.016942006,0.001116753,111
categorical__order_state_normalized_jilin,0.016457887,0.016457887,0.0010848418,112
categorical__order_region_normalized_oceania,0.015695168,-0.015695168,0.0010345662,113
categorical__order_state_normalized_bogot,0.015419795,0.015419795,0.0010164146,114
categorical__order_state_normalized_distrito_capital,0.015025166,-0.015025166,0.0009904022,115
categorical__order_state_normalized_nueva_york,0.014962744,0.003802325,0.0009862875,116
categorical__customer_state_normalized_tx,0.014513604,0.013423894,0.00095668196,117
categorical__order_state_normalized_lacio,0.014151759,-0.014151759,0.0009328305,118
categorical__order_state_normalized_kaduna,0.0140694715,0.0140694715,0.0009274064,119
binary_flags__is_same_day_or_next_day_shipping,0.013894922,0.013894922,0.00091590075,120
categorical__customer_state_normalized_mi,0.013709601,-0.013709601,0.0009036851,121
categorical__order_state_normalized_kentucky,0.0135767795,0.0135767795,0.00089493,122
categorical__order_state_normalized_queensland,0.01340565,-0.01340565,0.0008836498,123
categorical__customer_state_normalized_va,0.013357,-0.013357,0.00088044297,124
categorical__product_department_key_5_golf,0.013323504,-0.013323504,0.00087823503,125
categorical__order_state_normalized_chongqing,0.013137642,-0.013137642,0.0008659837,126
categorical__order_state_normalized_renania_del_nortewestfalia,0.0128917545,0.0128917545,0.00084977574,127
categorical__order_state_normalized_riau,0.012317596,0.012317596,0.0008119294,128
categorical__order_state_normalized_santa_fe,0.012084514,0.012084514,0.0007965655,129
categorical__order_state_normalized_maryland,0.011847158,0.01163644,0.00078091986,130
categorical__order_state_normalized_valparaso,0.01151962,-0.01151962,0.0007593298,131
categorical__customer_state_normalized_nm,0.011215769,0.009612547,0.0007393011,132
categorical__order_state_normalized_brandenburgo,0.010546712,-0.010546712,0.0006951994,133
categorical__customer_country_normalized_ee_uu,0.010537457,-0.009440453,0.00069458934,134
categorical__order_state_normalized_saskatchewan,0.010418686,0.010418686,0.0006867604,135
categorical__order_state_normalized_castilla_y_len,0.009930885,-0.009930885,0.00065460644,136
categorical__order_region_normalized_western_europe,0.009284761,-0.009284761,0.00061201636,137
categorical__order_state_normalized_calabarzn,0.008795322,0.008795322,0.0005797544,138
categorical__order_country_normalized_marruecos,0.008380971,-0.008380971,0.0005524419,139
categorical__order_country_normalized_rumania,0.008161631,-0.008161631,0.0005379839,140
categorical__order_country_normalized_blgica,0.0075048073,0.0075048073,0.0004946885,141
categorical__order_region_normalized_south_asia,0.0074267928,0.0074267928,0.0004895461,142
categorical__Type_DEBIT,0.006930545,0.0024411194,0.00045683535,143
categorical__order_season_spring,0.0069042426,-0.0069042426,0.00045510157,144
categorical__order_state_normalized_bagdad,0.0066410424,-0.0066410424,0.00043775243,145
categorical__order_state_normalized_nueva_jersey,0.006481013,0.00080546836,0.00042720386,146
numeric_continuous__order_month,0.0064179297,-0.0024288918,0.00042304568,147
categorical__customer_state_normalized_md,0.006231186,0.006231186,0.00041073625,148
categorical__order_state_normalized_panam,0.0059813894,-0.0059813894,0.00039427058,149
categorical__order_state_normalized_oregn,0.005592634,-0.0050911605,0.0003686453,150
categorical__order_region_normalized_eastern_europe,0.0054492983,-0.005388244,0.00035919715,151
categorical__order_state_normalized_jiangsu,0.005439958,-0.0049966755,0.00035858148,152
categorical__order_region_normalized_south_america,0.0053747664,0.0053747664,0.0003542843,153
numeric_continuous__order_year,0.005330397,-0.005330397,0.0003513596,154
categorical__order_state_normalized_sancti_spritus,0.0049171834,0.0049171834,0.00032412214,155
categorical__order_state_normalized_auverniardanoalpes,0.0047041303,-0.0047041303,0.0003100785,156
categorical__customer_state_normalized_il,0.004260363,-0.004260363,0.00028082702,157
binary_flags__order_is_weekend,0.0039351936,-0.0039351936,0.0002593931,158
categorical__customer_country_normalized_puerto_rico,0.003763807,-0.003763807,0.00024809592,159
categorical__order_country_normalized_alemania,0.0036898926,-0.0036898926,0.00024322378,160
categorical__market_normalized_africa,0.0033330075,0.0033330075,0.00021969926,161
categorical__order_country_normalized_indonesia,0.0025911885,-0.0025911885,0.00017080136,162
categorical__order_region_normalized_central_america,0.0024830785,0.0024830785,0.00016367515,163
categorical__order_region_normalized_eastern_asia,0.0019101298,0.0019101298,0.00012590854,164
categorical__order_region_normalized_west_of_usa,0.001333303,-0.001333303,8.78863e-05,165
categorical__order_country_normalized_egipto,0.00026630447,0.00026630447,1.7553784e-05,166
categorical__market_normalized_latam,0.00012116179,-0.00012116179,7.986528e-06,167
binary_flags__customer_zipcode_available,0.0,0.0,0.0,168
binary_flags__order_zipcode_available,0.0,0.0,0.0,169
binary_flags__customer_order_country_match,0.0,0.0,0.0,170
binary_flags__customer_order_state_match,0.0,0.0,0.0,171
binary_flags__geo_coordinates_available,0.0,0.0,0.0,172
categorical__order_season_fall,0.0,0.0,0.0,173
categorical__order_season_summer,0.0,0.0,0.0,174
categorical__order_season_winter,0.0,0.0,0.0,175
categorical__shipping_speed_tier_economy,0.0,0.0,0.0,176
categorical__shipping_speed_tier_expedited,0.0,0.0,0.0,177
categorical__shipping_mode_normalized_standard_class,0.0,0.0,0.0,178
categorical__product_category_key_11_fitness_accessories,0.0,0.0,0.0,179
categorical__product_category_key_12_boxing_&_mma,0.0,0.0,0.0,180
categorical__product_category_key_13_electronics,0.0,0.0,0.0,181
categorical__product_category_key_18_men's_footwear,0.0,0.0,0.0,182
categorical__product_category_key_24_women's_apparel,0.0,0.0,0.0,183
categorical__product_category_key_26_girls'_apparel,0.0,0.0,0.0,184
categorical__product_category_key_29_shop_by_sport,0.0,0.0,0.0,185
categorical__product_category_key_32_golf_apparel,0.0,0.0,0.0,186
categorical__product_category_key_33_golf_shoes,0.0,0.0,0.0,187
categorical__product_category_key_35_golf_gloves,0.0,0.0,0.0,188
categorical__product_category_key_36_golf_balls,0.0,0.0,0.0,189
categorical__product_category_key_37_electronics,0.0,0.0,0.0,190
categorical__product_category_key_3_baseball_&_softball,0.0,0.0,0.0,191
categorical__product_category_key_40_accessories,0.0,0.0,0.0,192
categorical__product_category_key_41_trade-in,0.0,0.0,0.0,193
categorical__product_category_key_43_camping_&_hiking,0.0,0.0,0.0,194
categorical__product_category_key_44_hunting_&_shooting,0.0,0.0,0.0,195
categorical__product_category_key_45_fishing,0.0,0.0,0.0,196
categorical__product_category_key_46_indoor/outdoor_games,0.0,0.0,0.0,197
categorical__product_category_key_48_water_sports,0.0,0.0,0.0,198
categorical__product_category_key_5_lacrosse,0.0,0.0,0.0,199
categorical__product_category_key_6_tennis_&_racquet,0.0,0.0,0.0,200
categorical__product_category_key_7_hockey,0.0,0.0,0.0,201
categorical__product_category_key_9_cardio_equipment,0.0,0.0,0.0,202
categorical__product_department_key_2_fitness,0.0,0.0,0.0,203
categorical__product_department_key_3_footwear,0.0,0.0,0.0,204
categorical__product_department_key_4_apparel,0.0,0.0,0.0,205
categorical__product_department_key_6_outdoors,0.0,0.0,0.0,206
categorical__product_department_key_7_fan_shop,0.0,0.0,0.0,207
categorical__customer_state_normalized_al,0.0,0.0,0.0,208
categorical__customer_state_normalized_ar,0.0,0.0,0.0,209
categorical__customer_state_normalized_az,0.0,0.0,0.0,210
categorical__customer_state_normalized_ct,0.0,0.0,0.0,211
categorical__customer_state_normalized_dc,0.0,0.0,0.0,212
categorical__customer_state_normalized_de,0.0,0.0,0.0,213
categorical__customer_state_normalized_fl,0.0,0.0,0.0,214
categorical__customer_state_normalized_ga,0.0,0.0,0.0,215
categorical__customer_state_normalized_hi,0.0,0.0,0.0,216
categorical__customer_state_normalized_ia,0.0,0.0,0.0,217
categorical__customer_state_normalized_id,0.0,0.0,0.0,218
categorical__customer_state_normalized_in,0.0,0.0,0.0,219
categorical__customer_state_normalized_ky,0.0,0.0,0.0,220
categorical__customer_state_normalized_la,0.0,0.0,0.0,221
categorical__customer_state_normalized_mt,0.0,0.0,0.0,222
categorical__customer_state_normalized_nc,0.0,0.0,0.0,223
categorical__customer_state_normalized_nd,0.0,0.0,0.0,224
categorical__customer_state_normalized_nj,0.0,0.0,0.0,225
categorical__customer_state_normalized_nv,0.0,0.0,0.0,226
categorical__customer_state_normalized_oh,0.0,0.0,0.0,227
categorical__customer_state_normalized_ok,0.0,0.0,0.0,228
categorical__customer_state_normalized_pr,0.0,0.0,0.0,229
categorical__customer_state_normalized_ri,0.0,0.0,0.0,230
categorical__customer_state_normalized_sc,0.0,0.0,0.0,231
categorical__customer_state_normalized_ut,0.0,0.0,0.0,232
categorical__customer_state_normalized_wa,0.0,0.0,0.0,233
categorical__customer_state_normalized_wi,0.0,0.0,0.0,234
categorical__customer_state_normalized_wv,0.0,0.0,0.0,235
categorical__market_normalized_europe,0.0,0.0,0.0,236
categorical__market_normalized_usca,0.0,0.0,0.0,237
categorical__order_country_normalized_afganistn,0.0,0.0,0.0,238
categorical__order_country_normalized_albania,0.0,0.0,0.0,239
categorical__order_country_normalized_angola,0.0,0.0,0.0,240
categorical__order_country_normalized_arabia_saud,0.0,0.0,0.0,241
categorical__order_country_normalized_argelia,0.0,0.0,0.0,242
categorical__order_country_normalized_argentina,0.0,0.0,0.0,243
categorical__order_country_normalized_armenia,0.0,0.0,0.0,244
categorical__order_country_normalized_australia,0.0,0.0,0.0,245
categorical__order_country_normalized_austria,0.0,0.0,0.0,246
categorical__order_country_normalized_azerbaiyn,0.0,0.0,0.0,247
categorical__order_country_normalized_banglads,0.0,0.0,0.0,248
categorical__order_country_normalized_barbados,0.0,0.0,0.0,249
categorical__order_country_normalized_belice,0.0,0.0,0.0,250
categorical__order_country_normalized_benn,0.0,0.0,0.0,251
categorical__order_country_normalized_bielorrusia,0.0,0.0,0.0,252
categorical__order_country_normalized_bolivia,0.0,0.0,0.0,253
categorical__order_country_normalized_bosnia_y_herzegovina,0.0,0.0,0.0,254
categorical__order_country_normalized_botsuana,0.0,0.0,0.0,255
categorical__order_country_normalized_brasil,0.0,0.0,0.0,256
categorical__order_country_normalized_bulgaria,0.0,0.0,0.0,257
categorical__order_country_normalized_burkina_faso,0.0,0.0,0.0,258
categorical__order_country_normalized_butn,0.0,0.0,0.0,259
categorical__order_country_normalized_camboya,0.0,0.0,0.0,260
categorical__order_country_normalized_camern,0.0,0.0,0.0,261
categorical__order_country_normalized_chile,0.0,0.0,0.0,262
categorical__order_country_normalized_china,0.0,0.0,0.0,263
categorical__order_country_normalized_chipre,0.0,0.0,0.0,264
categorical__order_country_normalized_corea_del_sur,0.0,0.0,0.0,265
categorical__order_country_normalized_costa_de_marfil,0.0,0.0,0.0,266
categorical__order_country_normalized_costa_rica,0.0,0.0,0.0,267
categorical__order_country_normalized_croacia,0.0,0.0,0.0,268
categorical__order_country_normalized_dinamarca,0.0,0.0,0.0,269
categorical__order_country_normalized_ecuador,0.0,0.0,0.0,270
categorical__order_country_normalized_el_salvador,0.0,0.0,0.0,271
categorical__order_country_normalized_emiratos_rabes_unidos,0.0,0.0,0.0,272
categorical__order_country_normalized_eslovaquia,0.0,0.0,0.0,273
categorical__order_country_normalized_eslovenia,0.0,0.0,0.0,274
categorical__order_country_normalized_espaa,0.0,0.0,0.0,275
categorical__order_country_normalized_estados_unidos,0.0,0.0,0.0,276
categorical__order_country_normalized_estonia,0.0,0.0,0.0,277
categorical__order_country_normalized_filipinas,0.0,0.0,0.0,278
categorical__order_country_normalized_finlandia,0.0,0.0,0.0,279
categorical__order_country_normalized_francia,0.0,0.0,0.0,280
categorical__order_country_normalized_gabn,0.0,0.0,0.0,281
categorical__order_country_normalized_georgia,0.0,0.0,0.0,282
categorical__order_country_normalized_ghana,0.0,0.0,0.0,283
categorical__order_country_normalized_grecia,0.0,0.0,0.0,284
categorical__order_country_normalized_guadalupe,0.0,0.0,0.0,285
categorical__order_country_normalized_guatemala,0.0,0.0,0.0,286
categorical__order_country_normalized_guayana_francesa,0.0,0.0,0.0,287
categorical__order_country_normalized_guinea,0.0,0.0,0.0,288
categorical__order_country_normalized_guineabissau,0.0,0.0,0.0,289
categorical__order_country_normalized_guyana,0.0,0.0,0.0,290
categorical__order_country_normalized_hait,0.0,0.0,0.0,291
categorical__order_country_normalized_honduras,0.0,0.0,0.0,292
categorical__order_country_normalized_hong_kong,0.0,0.0,0.0,293
categorical__order_country_normalized_india,0.0,0.0,0.0,294
categorical__order_country_normalized_irak,0.0,0.0,0.0,295
categorical__order_country_normalized_irlanda,0.0,0.0,0.0,296
categorical__order_country_normalized_irn,0.0,0.0,0.0,297
categorical__order_country_normalized_israel,0.0,0.0,0.0,298
categorical__order_country_normalized_italia,0.0,0.0,0.0,299
categorical__order_country_normalized_jamaica,0.0,0.0,0.0,300
categorical__order_country_normalized_japn,0.0,0.0,0.0,301
categorical__order_country_normalized_jordania,0.0,0.0,0.0,302
categorical__order_country_normalized_kazajistn,0.0,0.0,0.0,303
categorical__order_country_normalized_kirguistn,0.0,0.0,0.0,304
categorical__order_country_normalized_kuwait,0.0,0.0,0.0,305
categorical__order_country_normalized_laos,0.0,0.0,0.0,306
categorical__order_country_normalized_lbano,0.0,0.0,0.0,307
categorical__order_country_normalized_lesoto,0.0,0.0,0.0,308
categorical__order_country_normalized_liberia,0.0,0.0,0.0,309
categorical__order_country_normalized_libia,0.0,0.0,0.0,310
categorical__order_country_normalized_lituania,0.0,0.0,0.0,311
categorical__order_country_normalized_luxemburgo,0.0,0.0,0.0,312
categorical__order_country_normalized_macedonia,0.0,0.0,0.0,313
categorical__order_country_normalized_madagascar,0.0,0.0,0.0,314
categorical__order_country_normalized_mali,0.0,0.0,0.0,315
categorical__order_country_normalized_martinica,0.0,0.0,0.0,316
categorical__order_country_normalized_mauritania,0.0,0.0,0.0,317
categorical__order_country_normalized_moldavia,0.0,0.0,0.0,318
categorical__order_country_normalized_mongolia,0.0,0.0,0.0,319
categorical__order_country_normalized_montenegro,0.0,0.0,0.0,320
categorical__order_country_normalized_mxico,0.0,0.0,0.0,321
categorical__order_country_normalized_myanmar_birmania,0.0,0.0,0.0,322
categorical__order_country_normalized_namibia,0.0,0.0,0.0,323
categorical__order_country_normalized_nepal,0.0,0.0,0.0,324
categorical__order_country_normalized_nger,0.0,0.0,0.0,325
categorical__order_country_normalized_nicaragua,0.0,0.0,0.0,326
categorical__order_country_normalized_nigeria,0.0,0.0,0.0,327
categorical__order_country_normalized_noruega,0.0,0.0,0.0,328
categorical__order_country_normalized_nueva_zelanda,0.0,0.0,0.0,329
categorical__order_country_normalized_omn,0.0,0.0,0.0,330
categorical__order_country_normalized_pakistn,0.0,0.0,0.0,331
categorical__order_country_normalized_papa_nueva_guinea,0.0,0.0,0.0,332
categorical__order_country_normalized_paraguay,0.0,0.0,0.0,333
categorical__order_country_normalized_pases_bajos,0.0,0.0,0.0,334
categorical__order_country_normalized_per,0.0,0.0,0.0,335
categorical__order_country_normalized_polonia,0.0,0.0,0.0,336
categorical__order_country_normalized_portugal,0.0,0.0,0.0,337
categorical__order_country_normalized_qatar,0.0,0.0,0.0,338
categorical__order_country_normalized_reino_unido,0.0,0.0,0.0,339
categorical__order_country_normalized_repblica_centroafricana,0.0,0.0,0.0,340
categorical__order_country_normalized_repblica_checa,0.0,0.0,0.0,341
categorical__order_country_normalized_repblica_de_gambia,0.0,0.0,0.0,342
categorical__order_country_normalized_repblica_del_congo,0.0,0.0,0.0,343
categorical__order_country_normalized_repblica_dominicana,0.0,0.0,0.0,344
categorical__order_country_normalized_ruanda,0.0,0.0,0.0,345
categorical__order_country_normalized_rusia,0.0,0.0,0.0,346
categorical__order_country_normalized_senegal,0.0,0.0,0.0,347
categorical__order_country_normalized_shara_occidental,0.0,0.0,0.0,348
categorical__order_country_normalized_sierra_leona,0.0,0.0,0.0,349
categorical__order_country_normalized_singapur,0.0,0.0,0.0,350
categorical__order_country_normalized_siria,0.0,0.0,0.0,351
categorical__order_country_normalized_somalia,0.0,0.0,0.0,352
categorical__order_country_normalized_sri_lanka,0.0,0.0,0.0,353
categorical__order_country_normalized_suazilandia,0.0,0.0,0.0,354
categorical__order_country_normalized_sudafrica,0.0,0.0,0.0,355
categorical__order_country_normalized_sudn,0.0,0.0,0.0,356
categorical__order_country_normalized_sudn_del_sur,0.0,0.0,0.0,357
categorical__order_country_normalized_suiza,0.0,0.0,0.0,358
categorical__order_country_normalized_surinam,0.0,0.0,0.0,359
categorical__order_country_normalized_tailandia,0.0,0.0,0.0,360
categorical__order_country_normalized_taiwn,0.0,0.0,0.0,361
categorical__order_country_normalized_tanzania,0.0,0.0,0.0,362
categorical__order_country_normalized_tayikistn,0.0,0.0,0.0,363
categorical__order_country_normalized_tnez,0.0,0.0,0.0,364
categorical__order_country_normalized_togo,0.0,0.0,0.0,365
categorical__order_country_normalized_trinidad_y_tobago,0.0,0.0,0.0,366
categorical__order_country_normalized_turkmenistn,0.0,0.0,0.0,367
categorical__order_country_normalized_turqua,0.0,0.0,0.0,368
categorical__order_country_normalized_ucrania,0.0,0.0,0.0,369
categorical__order_country_normalized_uganda,0.0,0.0,0.0,370
categorical__order_country_normalized_uruguay,0.0,0.0,0.0,371
categorical__order_country_normalized_uzbekistn,0.0,0.0,0.0,372
categorical__order_country_normalized_venezuela,0.0,0.0,0.0,373
categorical__order_country_normalized_vietnam,0.0,0.0,0.0,374
categorical__order_country_normalized_yemen,0.0,0.0,0.0,375
categorical__order_country_normalized_yibuti,0.0,0.0,0.0,376
categorical__order_country_normalized_zambia,0.0,0.0,0.0,377
categorical__order_country_normalized_zimbabue,0.0,0.0,0.0,378
categorical__order_region_normalized_canada,0.0,0.0,0.0,379
categorical__order_region_normalized_caribbean,0.0,0.0,0.0,380
categorical__order_region_normalized_central_africa,0.0,0.0,0.0,381
categorical__order_region_normalized_central_asia,0.0,0.0,0.0,382
categorical__order_region_normalized_east_africa,0.0,0.0,0.0,383
categorical__order_region_normalized_east_of_usa,0.0,0.0,0.0,384
categorical__order_region_normalized_north_africa,0.0,0.0,0.0,385
categorical__order_region_normalized_northern_europe,0.0,0.0,0.0,386
categorical__order_region_normalized_south_of_usa,0.0,0.0,0.0,387
categorical__order_region_normalized_southeast_asia,0.0,0.0,0.0,388
categorical__order_region_normalized_southern_africa,0.0,0.0,0.0,389
categorical__order_region_normalized_southern_europe,0.0,0.0,0.0,390
categorical__order_region_normalized_us_center,0.0,0.0,0.0,391
categorical__order_region_normalized_west_africa,0.0,0.0,0.0,392
categorical__order_region_normalized_west_asia,0.0,0.0,0.0,393
categorical__order_state_normalized_abia,0.0,0.0,0.0,394
categorical__order_state_normalized_abruzos,0.0,0.0,0.0,395
categorical__order_state_normalized_aceh,0.0,0.0,0.0,396
categorical__order_state_normalized_acre,0.0,0.0,0.0,397
categorical__order_state_normalized_adamaoua,0.0,0.0,0.0,398
categorical__order_state_normalized_adana,0.0,0.0,0.0,399
categorical__order_state_normalized_adiyaman,0.0,0.0,0.0,400
categorical__order_state_normalized_afyonkarahisar,0.0,0.0,0.0,401
categorical__order_state_normalized_aichi,0.0,0.0,0.0,402
categorical__order_state_normalized_ajmn,0.0,0.0,0.0,403
categorical__order_state_normalized_akmola,0.0,0.0,0.0,404
categorical__order_state_normalized_aksaray,0.0,0.0,0.0,405
categorical__order_state_normalized_akwa_ibom,0.0,0.0,0.0,406
categorical__order_state_normalized_al_asimah,0.0,0.0,0.0,407
categorical__order_state_normalized_al_bahr_al_ahmar,0.0,0.0,0.0,408
categorical__order_state_normalized_al_buhayrah,0.0,0.0,0.0,409
categorical__order_state_normalized_al_hudayda,0.0,0.0,0.0,410
categorical__order_state_normalized_al_jawf,0.0,0.0,0.0,411
categorical__order_state_normalized_al_marqab,0.0,0.0,0.0,412
categorical__order_state_normalized_alabama,0.0,0.0,0.0,413
categorical__order_state_normalized_alagoas,0.0,0.0,0.0,414
categorical__order_state_normalized_alberta,0.0,0.0,0.0,415
categorical__order_state_normalized_alger,0.0,0.0,0.0,416
categorical__order_state_normalized_alibori,0.0,0.0,0.0,417
categorical__order_state_normalized_almaty,0.0,0.0,0.0,418
categorical__order_state_normalized_alta_austria,0.0,0.0,0.0,419
categorical__order_state_normalized_amap,0.0,0.0,0.0,420
categorical__order_state_normalized_amasya,0.0,0.0,0.0,421
categorical__order_state_normalized_amazonas,0.0,0.0,0.0,422
categorical__order_state_normalized_amn,0.0,0.0,0.0,423
categorical__order_state_normalized_amur,0.0,0.0,0.0,424
categorical__order_state_normalized_anakkale,0.0,0.0,0.0,425
categorical__order_state_normalized_analamanga,0.0,0.0,0.0,426
categorical__order_state_normalized_anambra,0.0,0.0,0.0,427
categorical__order_state_normalized_andaluca,0.0,0.0,0.0,428
categorical__order_state_normalized_andhra_pradesh,0.0,0.0,0.0,429
categorical__order_state_normalized_andijn,0.0,0.0,0.0,430
categorical__order_state_normalized_anhui,0.0,0.0,0.0,431
categorical__order_state_normalized_ankara,0.0,0.0,0.0,432
categorical__order_state_normalized_annaba,0.0,0.0,0.0,433
categorical__order_state_normalized_antalya,0.0,0.0,0.0,434
categorical__order_state_normalized_antioqua,0.0,0.0,0.0,435
categorical__order_state_normalized_antofagasta,0.0,0.0,0.0,436
categorical__order_state_normalized_anzotegui,0.0,0.0,0.0,437
categorical__order_state_normalized_aomori,0.0,0.0,0.0,438
categorical__order_state_normalized_apulia,0.0,0.0,0.0,439
categorical__order_state_normalized_aquitanialemosnpoitoucharentes,0.0,0.0,0.0,440
categorical__order_state_normalized_arad,0.0,0.0,0.0,441
categorical__order_state_normalized_aragua,0.0,0.0,0.0,442
categorical__order_state_normalized_arauca,0.0,0.0,0.0,443
categorical__order_state_normalized_arbil,0.0,0.0,0.0,444
categorical__order_state_normalized_ardebil,0.0,0.0,0.0,445
categorical__order_state_normalized_arequipa,0.0,0.0,0.0,446
categorical__order_state_normalized_arges,0.0,0.0,0.0,447
categorical__order_state_normalized_arica_y_parinacota,0.0,0.0,0.0,448
categorical__order_state_normalized_arizona,0.0,0.0,0.0,449
categorical__order_state_normalized_arjnguelsk,0.0,0.0,0.0,450
categorical__order_state_normalized_arkansas,0.0,0.0,0.0,451
categorical__order_state_normalized_artemisa,0.0,0.0,0.0,452
categorical__order_state_normalized_artibonito,0.0,0.0,0.0,453
categorical__order_state_normalized_arusha,0.0,0.0,0.0,454
categorical__order_state_normalized_ash_sharqiyah,0.0,0.0,0.0,455
categorical__order_state_normalized_ashanti,0.0,0.0,0.0,456
categorical__order_state_normalized_asir,0.0,0.0,0.0,457
categorical__order_state_normalized_asjabad,0.0,0.0,0.0,458
categorical__order_state_normalized_assam,0.0,0.0,0.0,459
categorical__order_state_normalized_astan,0.0,0.0,0.0,460
categorical__order_state_normalized_astracn,0.0,0.0,0.0,461
categorical__order_state_normalized_asturias,0.0,0.0,0.0,462
categorical__order_state_normalized_asuncin,0.0,0.0,0.0,463
categorical__order_state_normalized_aswan,0.0,0.0,0.0,464
categorical__order_state_normalized_atacama,0.0,0.0,0.0,465
categorical__order_state_normalized_atakora,0.0,0.0,0.0,466
categorical__order_state_normalized_atlntico,0.0,0.0,0.0,467
categorical__order_state_normalized_atsimoandrefana,0.0,0.0,0.0,468
categorical__order_state_normalized_atsinanana,0.0,0.0,0.0,469
categorical__order_state_normalized_attica,0.0,0.0,0.0,470
categorical__order_state_normalized_auckland,0.0,0.0,0.0,471
categorical__order_state_normalized_australia_del_sur,0.0,0.0,0.0,472
categorical__order_state_normalized_australia_occidental,0.0,0.0,0.0,473
categorical__order_state_normalized_auvernia,0.0,0.0,0.0,474
categorical__order_state_normalized_aveiro,0.0,0.0,0.0,475
categorical__order_state_normalized_ayacucho,0.0,0.0,0.0,476
categorical__order_state_normalized_aydin,0.0,0.0,0.0,477
categorical__order_state_normalized_azuay,0.0,0.0,0.0,478
categorical__order_state_normalized_babilonia,0.0,0.0,0.0,479
categorical__order_state_normalized_bacau,0.0,0.0,0.0,480
categorical__order_state_normalized_baha,0.0,0.0,0.0,481
categorical__order_state_normalized_baja_california,0.0,0.0,0.0,482
categorical__order_state_normalized_baja_california_sur,0.0,0.0,0.0,483
categorical__order_state_normalized_baja_sajonia,0.0,0.0,0.0,484
categorical__order_state_normalized_bajo_congo,0.0,0.0,0.0,485
categorical__order_state_normalized_baki,0.0,0.0,0.0,486
categorical__order_state_normalized_bali,0.0,0.0,0.0,487
categorical__order_state_normalized_balikesir,0.0,0.0,0.0,488
categorical__order_state_normalized_balti,0.0,0.0,0.0,489
categorical__order_state_normalized_baluchistn,0.0,0.0,0.0,490
categorical__order_state_normalized_bamako,0.0,0.0,0.0,491
categorical__order_state_normalized_bandundu,0.0,0.0,0.0,492
categorical__order_state_normalized_bangkok,0.0,0.0,0.0,493
categorical__order_state_normalized_bangui,0.0,0.0,0.0,494
categorical__order_state_normalized_barahona,0.0,0.0,0.0,495
categorical__order_state_normalized_bashkortostn,0.0,0.0,0.0,496
categorical__order_state_normalized_basilicata,0.0,0.0,0.0,497
categorical__order_state_normalized_basora,0.0,0.0,0.0,498
categorical__order_state_normalized_batman,0.0,0.0,0.0,499
categorical__order_state_normalized_batna,0.0,0.0,0.0,500
categorical__order_state_normalized_bauchi,0.0,0.0,0.0,501
categorical__order_state_normalized_bavaria,0.0,0.0,0.0,502
categorical__order_state_normalized_bay_of_plenty,0.0,0.0,0.0,503
categorical__order_state_normalized_bchar,0.0,0.0,0.0,504
categorical__order_state_normalized_beirut,0.0,0.0,0.0,505
categorical__order_state_normalized_benadir,0.0,0.0,0.0,506
categorical__order_state_normalized_bengala_occidental,0.0,0.0,0.0,507
categorical__order_state_normalized_bengasi,0.0,0.0,0.0,508
categorical__order_state_normalized_bengkulu,0.0,0.0,0.0,509
categorical__order_state_normalized_benguela,0.0,0.0,0.0,510
categorical__order_state_normalized_benue,0.0,0.0,0.0,511
categorical__order_state_normalized_berln,0.0,0.0,0.0,512
categorical__order_state_normalized_berna,0.0,0.0,0.0,513
categorical__order_state_normalized_bihar,0.0,0.0,0.0,514
categorical__order_state_normalized_bihor,0.0,0.0,0.0,515
categorical__order_state_normalized_bishkek,0.0,0.0,0.0,516
categorical__order_state_normalized_bistritanasaud,0.0,0.0,0.0,517
categorical__order_state_normalized_bisu,0.0,0.0,0.0,518
categorical__order_state_normalized_blgorod,0.0,0.0,0.0,519
categorical__order_state_normalized_bobo,0.0,0.0,0.0,520
categorical__order_state_normalized_boeny,0.0,0.0,0.0,521
categorical__order_state_normalized_bolu,0.0,0.0,0.0,522
categorical__order_state_normalized_bolvar,0.0,0.0,0.0,523
categorical__order_state_normalized_borneo_meridional,0.0,0.0,0.0,524
categorical__order_state_normalized_borneo_occidental,0.0,0.0,0.0,525
categorical__order_state_normalized_borno,0.0,0.0,0.0,526
categorical__order_state_normalized_botosani,0.0,0.0,0.0,527
categorical__order_state_normalized_boyac,0.0,0.0,0.0,528
categorical__order_state_normalized_brabante_flamenco,0.0,0.0,0.0,529
categorical__order_state_normalized_brabante_septentrional,0.0,0.0,0.0,530
categorical__order_state_normalized_braga,0.0,0.0,0.0,531
categorical__order_state_normalized_braila,0.0,0.0,0.0,532
categorical__order_state_normalized_braov,0.0,0.0,0.0,533
categorical__order_state_normalized_bremen,0.0,0.0,0.0,534
categorical__order_state_normalized_brest,0.0,0.0,0.0,535
categorical__order_state_normalized_bretaa,0.0,0.0,0.0,536
categorical__order_state_normalized_briansk,0.0,0.0,0.0,537
categorical__order_state_normalized_bruselas,0.0,0.0,0.0,538
categorical__order_state_normalized_budapest,0.0,0.0,0.0,539
categorical__order_state_normalized_buenos_aires,0.0,0.0,0.0,540
categorical__order_state_normalized_buenos_aires_provincia,0.0,0.0,0.0,541
categorical__order_state_normalized_buga,0.0,0.0,0.0,542
categorical__order_state_normalized_bulawayo,0.0,0.0,0.0,543
categorical__order_state_normalized_bursa,0.0,0.0,0.0,544
categorical__order_state_normalized_busan,0.0,0.0,0.0,545
categorical__order_state_normalized_bushehr,0.0,0.0,0.0,546
categorical__order_state_normalized_buskerud,0.0,0.0,0.0,547
categorical__order_state_normalized_buzau,0.0,0.0,0.0,548
categorical__order_state_normalized_cabo_occidental,0.0,0.0,0.0,549
categorical__order_state_normalized_cadisia,0.0,0.0,0.0,550
categorical__order_state_normalized_cajamarca,0.0,0.0,0.0,551
categorical__order_state_normalized_calabria,0.0,0.0,0.0,552
categorical__order_state_normalized_caldas,0.0,0.0,0.0,553
categorical__order_state_normalized_california,0.0,0.0,0.0,554
categorical__order_state_normalized_callao,0.0,0.0,0.0,555
categorical__order_state_normalized_camagey,0.0,0.0,0.0,556
categorical__order_state_normalized_campeche,0.0,0.0,0.0,557
categorical__order_state_normalized_canelones,0.0,0.0,0.0,558
categorical__order_state_normalized_cantabria,0.0,0.0,0.0,559
categorical__order_state_normalized_canterbury,0.0,0.0,0.0,560
categorical__order_state_normalized_capital_nacional,0.0,0.0,0.0,561
categorical__order_state_normalized_caquet,0.0,0.0,0.0,562
categorical__order_state_normalized_carasseverin,0.0,0.0,0.0,563
categorical__order_state_normalized_carintia,0.0,0.0,0.0,564
categorical__order_state_normalized_carolina_del_norte,0.0,0.0,0.0,565
categorical__order_state_normalized_carolina_del_sur,0.0,0.0,0.0,566
categorical__order_state_normalized_casanare,0.0,0.0,0.0,567
categorical__order_state_normalized_castillala_mancha,0.0,0.0,0.0,568
categorical__order_state_normalized_catalua,0.0,0.0,0.0,569
categorical__order_state_normalized_catamarca,0.0,0.0,0.0,570
categorical__order_state_normalized_cear,0.0,0.0,0.0,571
categorical__order_state_normalized_central,0.0,0.0,0.0,572
categorical__order_state_normalized_centro,0.0,0.0,0.0,573
categorical__order_state_normalized_centrovalle_de_loira,0.0,0.0,0.0,574
categorical__order_state_normalized_cerdea,0.0,0.0,0.0,575
categorical__order_state_normalized_cesar,0.0,0.0,0.0,576
categorical__order_state_normalized_ceuta,0.0,0.0,0.0,577
categorical__order_state_normalized_chaco,0.0,0.0,0.0,578
categorical__order_state_normalized_chaguanas,0.0,0.0,0.0,579
categorical__order_state_normalized_chandigarh,0.0,0.0,0.0,580
categorical__order_state_normalized_chauauardiga,0.0,0.0,0.0,581
categorical__order_state_normalized_chelibinsk,0.0,0.0,0.0,582
categorical__order_state_normalized_cherkasy,0.0,0.0,0.0,583
categorical__order_state_normalized_chernihiv,0.0,0.0,0.0,584
categorical__order_state_normalized_chhattisgarh,0.0,0.0,0.0,585
categorical__order_state_normalized_chiapas,0.0,0.0,0.0,586
categorical__order_state_normalized_chiba,0.0,0.0,0.0,587
categorical__order_state_normalized_chihuahua,0.0,0.0,0.0,588
categorical__order_state_normalized_chimaltenango,0.0,0.0,0.0,589
categorical__order_state_normalized_chinandega,0.0,0.0,0.0,590
categorical__order_state_normalized_chisinu,0.0,0.0,0.0,591
categorical__order_state_normalized_chittagong,0.0,0.0,0.0,592
categorical__order_state_normalized_choc,0.0,0.0,0.0,593
categorical__order_state_normalized_choluteca,0.0,0.0,0.0,594
categorical__order_state_normalized_chubut,0.0,0.0,0.0,595
categorical__order_state_normalized_chukha,0.0,0.0,0.0,596
categorical__order_state_normalized_chungcheong_del_sur,0.0,0.0,0.0,597
categorical__order_state_normalized_chuquisaca,0.0,0.0,0.0,598
categorical__order_state_normalized_ciego_de_vila,0.0,0.0,0.0,599
categorical__order_state_normalized_cienfuegos,0.0,0.0,0.0,600
categorical__order_state_normalized_ciudad_de_almat,0.0,0.0,0.0,601
categorical__order_state_normalized_ciudad_ho_chi_minh,0.0,0.0,0.0,602
categorical__order_state_normalized_clebes_central,0.0,0.0,0.0,603
categorical__order_state_normalized_clebes_septentrional,0.0,0.0,0.0,604
categorical__order_state_normalized_clebes_suroriental,0.0,0.0,0.0,605
categorical__order_state_normalized_cluj,0.0,0.0,0.0,606
categorical__order_state_normalized_coahuila,0.0,0.0,0.0,607
categorical__order_state_normalized_cochabamba,0.0,0.0,0.0,608
categorical__order_state_normalized_coimbra,0.0,0.0,0.0,609
categorical__order_state_normalized_cojedes,0.0,0.0,0.0,610
categorical__order_state_normalized_colima,0.0,0.0,0.0,611
categorical__order_state_normalized_colorado,0.0,0.0,0.0,612
categorical__order_state_normalized_columbia_britnica,0.0,0.0,0.0,613
categorical__order_state_normalized_connecticut,0.0,0.0,0.0,614
categorical__order_state_normalized_constantina,0.0,0.0,0.0,615
categorical__order_state_normalized_constanza,0.0,0.0,0.0,616
categorical__order_state_normalized_copperbelt,0.0,0.0,0.0,617
categorical__order_state_normalized_cordillera,0.0,0.0,0.0,618
categorical__order_state_normalized_cork,0.0,0.0,0.0,619
categorical__order_state_normalized_corrientes,0.0,0.0,0.0,620
categorical__order_state_normalized_corse,0.0,0.0,0.0,621
categorical__order_state_normalized_corts,0.0,0.0,0.0,622
categorical__order_state_normalized_corum,0.0,0.0,0.0,623
categorical__order_state_normalized_costa,0.0,0.0,0.0,624
categorical__order_state_normalized_crdoba,0.0,0.0,0.0,625
categorical__order_state_normalized_cross_river,0.0,0.0,0.0,626
categorical__order_state_normalized_cundinamarca,0.0,0.0,0.0,627
categorical__order_state_normalized_d_nang,0.0,0.0,0.0,628
categorical__order_state_normalized_daca,0.0,0.0,0.0,629
categorical__order_state_normalized_daegu,0.0,0.0,0.0,630
categorical__order_state_normalized_daejeon,0.0,0.0,0.0,631
categorical__order_state_normalized_daguestn,0.0,0.0,0.0,632
categorical__order_state_normalized_dakar,0.0,0.0,0.0,633
categorical__order_state_normalized_dakota_del_norte,0.0,0.0,0.0,634
categorical__order_state_normalized_dakota_del_sur,0.0,0.0,0.0,635
categorical__order_state_normalized_dayr_az_zawr,0.0,0.0,0.0,636
categorical__order_state_normalized_delaware,0.0,0.0,0.0,637
categorical__order_state_normalized_delta,0.0,0.0,0.0,638
categorical__order_state_normalized_demeraraberbice_superior,0.0,0.0,0.0,639
categorical__order_state_normalized_denizli,0.0,0.0,0.0,640
categorical__order_state_normalized_departamento_atlntico,0.0,0.0,0.0,641
categorical__order_state_normalized_di_car,0.0,0.0,0.0,642
categorical__order_state_normalized_diana,0.0,0.0,0.0,643
categorical__order_state_normalized_diffa,0.0,0.0,0.0,644
categorical__order_state_normalized_dinamarca_meridional,0.0,0.0,0.0,645
categorical__order_state_normalized_distrito_de_cayo,0.0,0.0,0.0,646
categorical__order_state_normalized_distrito_de_columbia,0.0,0.0,0.0,647
categorical__order_state_normalized_distrito_federal,0.0,0.0,0.0,648
categorical__order_state_normalized_diyarbakir,0.0,0.0,0.0,649
categorical__order_state_normalized_djelfa,0.0,0.0,0.0,650
categorical__order_state_normalized_doha,0.0,0.0,0.0,651
categorical__order_state_normalized_dolj,0.0,0.0,0.0,652
categorical__order_state_normalized_donetsk,0.0,0.0,0.0,653
categorical__order_state_normalized_donga,0.0,0.0,0.0,654
categorical__order_state_normalized_drenthe,0.0,0.0,0.0,655
categorical__order_state_normalized_dubln,0.0,0.0,0.0,656
categorical__order_state_normalized_dubln_del_sur,0.0,0.0,0.0,657
categorical__order_state_normalized_dukalaabda,0.0,0.0,0.0,658
categorical__order_state_normalized_durrs,0.0,0.0,0.0,659
categorical__order_state_normalized_dzce,0.0,0.0,0.0,660
categorical__order_state_normalized_ecuatoria_central,0.0,0.0,0.0,661
categorical__order_state_normalized_edo,0.0,0.0,0.0,662
categorical__order_state_normalized_el_aain,0.0,0.0,0.0,663
categorical__order_state_normalized_el_beni,0.0,0.0,0.0,664
categorical__order_state_normalized_el_cairo,0.0,0.0,0.0,665
categorical__order_state_normalized_elazig,0.0,0.0,0.0,666
categorical__order_state_normalized_elbasan,0.0,0.0,0.0,667
categorical__order_state_normalized_emiliaromaa,0.0,0.0,0.0,668
categorical__order_state_normalized_entre_ros,0.0,0.0,0.0,669
categorical__order_state_normalized_enugu,0.0,0.0,0.0,670
categorical__order_state_normalized_erzurum,0.0,0.0,0.0,671
categorical__order_state_normalized_escania,0.0,0.0,0.0,672
categorical__order_state_normalized_escocia,0.0,0.0,0.0,673
categorical__order_state_normalized_escuintla,0.0,0.0,0.0,674
categorical__order_state_normalized_eskisehir,0.0,0.0,0.0,675
categorical__order_state_normalized_espaillat,0.0,0.0,0.0,676
categorical__order_state_normalized_espritu_santo,0.0,0.0,0.0,677
categorical__order_state_normalized_est,0.0,0.0,0.0,678
categorical__order_state_normalized_estado_libre,0.0,0.0,0.0,679
categorical__order_state_normalized_estambul,0.0,0.0,0.0,680
categorical__order_state_normalized_estel,0.0,0.0,0.0,681
categorical__order_state_normalized_estocolmo,0.0,0.0,0.0,682
categorical__order_state_normalized_estuaire,0.0,0.0,0.0,683
categorical__order_state_normalized_fars,0.0,0.0,0.0,684
categorical__order_state_normalized_fayn,0.0,0.0,0.0,685
categorical__order_state_normalized_federacin_de_bosnia_y_herzegovina,0.0,0.0,0.0,686
categorical__order_state_normalized_fezbulmn,0.0,0.0,0.0,687
categorical__order_state_normalized_flanders_occidental,0.0,0.0,0.0,688
categorical__order_state_normalized_florida,0.0,0.0,0.0,689
categorical__order_state_normalized_francisco_morazn,0.0,0.0,0.0,690
categorical__order_state_normalized_franzsischguayana,0.0,0.0,0.0,691
categorical__order_state_normalized_frisia,0.0,0.0,0.0,692
categorical__order_state_normalized_friulivenecia_julia,0.0,0.0,0.0,693
categorical__order_state_normalized_fujian,0.0,0.0,0.0,694
categorical__order_state_normalized_fukui,0.0,0.0,0.0,695
categorical__order_state_normalized_fukuoka,0.0,0.0,0.0,696
categorical__order_state_normalized_galati,0.0,0.0,0.0,697
categorical__order_state_normalized_gales,0.0,0.0,0.0,698
categorical__order_state_normalized_galicia,0.0,0.0,0.0,699
categorical__order_state_normalized_galway,0.0,0.0,0.0,700
categorical__order_state_normalized_gansu,0.0,0.0,0.0,701
categorical__order_state_normalized_garbchrardabeni_hsen,0.0,0.0,0.0,702
categorical__order_state_normalized_gauteng,0.0,0.0,0.0,703
categorical__order_state_normalized_gaziantep,0.0,0.0,0.0,704
categorical__order_state_normalized_geldres,0.0,0.0,0.0,705
categorical__order_state_normalized_georgia,0.0,0.0,0.0,706
categorical__order_state_normalized_gezira,0.0,0.0,0.0,707
categorical__order_state_normalized_gharbia,0.0,0.0,0.0,708
categorical__order_state_normalized_gisborne,0.0,0.0,0.0,709
categorical__order_state_normalized_giurgiu,0.0,0.0,0.0,710
categorical__order_state_normalized_gmel,0.0,0.0,0.0,711
categorical__order_state_normalized_gobolka_woqooyi_galbeed,0.0,0.0,0.0,712
categorical__order_state_normalized_gois,0.0,0.0,0.0,713
categorical__order_state_normalized_golestn,0.0,0.0,0.0,714
categorical__order_state_normalized_gorj,0.0,0.0,0.0,715
categorical__order_state_normalized_grad_zagreb,0.0,0.0,0.0,716
categorical__order_state_normalized_gran_accra,0.0,0.0,0.0,717
categorical__order_state_normalized_gran_casablanca,0.0,0.0,0.0,718
categorical__order_state_normalized_gran_polonia,0.0,0.0,0.0,719
categorical__order_state_normalized_gran_valle_del_rift,0.0,0.0,0.0,720
categorical__order_state_normalized_granada,0.0,0.0,0.0,721
categorical__order_state_normalized_granma,0.0,0.0,0.0,722
categorical__order_state_normalized_grodno,0.0,0.0,0.0,723
categorical__order_state_normalized_groningen,0.0,0.0,0.0,724
categorical__order_state_normalized_guadalupe,0.0,0.0,0.0,725
categorical__order_state_normalized_guanacaste,0.0,0.0,0.0,726
categorical__order_state_normalized_guanajuato,0.0,0.0,0.0,727
categorical__order_state_normalized_guangdong,0.0,0.0,0.0,728
categorical__order_state_normalized_guangxi,0.0,0.0,0.0,729
categorical__order_state_normalized_guantnamo,0.0,0.0,0.0,730
categorical__order_state_normalized_guatemala,0.0,0.0,0.0,731
categorical__order_state_normalized_guayas,0.0,0.0,0.0,732
categorical__order_state_normalized_guelma,0.0,0.0,0.0,733
categorical__order_state_normalized_guerrero,0.0,0.0,0.0,734
categorical__order_state_normalized_guiln,0.0,0.0,0.0,735
categorical__order_state_normalized_guizhou,0.0,0.0,0.0,736
categorical__order_state_normalized_gulu,0.0,0.0,0.0,737
categorical__order_state_normalized_gunma,0.0,0.0,0.0,738
categorical__order_state_normalized_gurico,0.0,0.0,0.0,739
categorical__order_state_normalized_gyeonggi,0.0,0.0,0.0,740
categorical__order_state_normalized_gyeongsangnam,0.0,0.0,0.0,741
categorical__order_state_normalized_gyr,0.0,0.0,0.0,742
categorical__order_state_normalized_haifa,0.0,0.0,0.0,743
categorical__order_state_normalized_hainan,0.0,0.0,0.0,744
categorical__order_state_normalized_hajdbihar,0.0,0.0,0.0,745
categorical__order_state_normalized_halland,0.0,0.0,0.0,746
categorical__order_state_normalized_hamadn,0.0,0.0,0.0,747
categorical__order_state_normalized_hamburgo,0.0,0.0,0.0,748
categorical__order_state_normalized_harare,0.0,0.0,0.0,749
categorical__order_state_normalized_harjumaa,0.0,0.0,0.0,750
categorical__order_state_normalized_hatay,0.0,0.0,0.0,751
categorical__order_state_normalized_hawkes_bay,0.0,0.0,0.0,752
categorical__order_state_normalized_hebei,0.0,0.0,0.0,753
categorical__order_state_normalized_hedmark,0.0,0.0,0.0,754
categorical__order_state_normalized_heilongjiang,0.0,0.0,0.0,755
categorical__order_state_normalized_henan,0.0,0.0,0.0,756
categorical__order_state_normalized_henao,0.0,0.0,0.0,757
categorical__order_state_normalized_herat,0.0,0.0,0.0,758
categorical__order_state_normalized_hesse,0.0,0.0,0.0,759
categorical__order_state_normalized_hidalgo,0.0,0.0,0.0,760
categorical__order_state_normalized_hims,0.0,0.0,0.0,761
categorical__order_state_normalized_hiroshima,0.0,0.0,0.0,762
categorical__order_state_normalized_hokkaido,0.0,0.0,0.0,763
categorical__order_state_normalized_holanda_meridional,0.0,0.0,0.0,764
categorical__order_state_normalized_holanda_septentrional,0.0,0.0,0.0,765
categorical__order_state_normalized_holgun,0.0,0.0,0.0,766
categorical__order_state_normalized_hong_kong,0.0,0.0,0.0,767
categorical__order_state_normalized_hordaland,0.0,0.0,0.0,768
categorical__order_state_normalized_hormozgn,0.0,0.0,0.0,769
categorical__order_state_normalized_hradec_krlov,0.0,0.0,0.0,770
categorical__order_state_normalized_huambo,0.0,0.0,0.0,771
categorical__order_state_normalized_hubei,0.0,0.0,0.0,772
categorical__order_state_normalized_huila,0.0,0.0,0.0,773
categorical__order_state_normalized_hyogo,0.0,0.0,0.0,774
categorical__order_state_normalized_iasi,0.0,0.0,0.0,775
categorical__order_state_normalized_iauliai,0.0,0.0,0.0,776
categorical__order_state_normalized_ibaraki,0.0,0.0,0.0,777
categorical__order_state_normalized_ica,0.0,0.0,0.0,778
categorical__order_state_normalized_idaho,0.0,0.0,0.0,779
categorical__order_state_normalized_igdir,0.0,0.0,0.0,780
categorical__order_state_normalized_ilam,0.0,0.0,0.0,781
categorical__order_state_normalized_ilina,0.0,0.0,0.0,782
categorical__order_state_normalized_illinois,0.0,0.0,0.0,783
categorical__order_state_normalized_imericia,0.0,0.0,0.0,784
categorical__order_state_normalized_indiana,0.0,0.0,0.0,785
categorical__order_state_normalized_inglaterra,0.0,0.0,0.0,786
categorical__order_state_normalized_iowa,0.0,0.0,0.0,787
categorical__order_state_normalized_isfahn,0.0,0.0,0.0,788
categorical__order_state_normalized_ishikawa,0.0,0.0,0.0,789
categorical__order_state_normalized_isla_de_francia,0.0,0.0,0.0,790
categorical__order_state_normalized_isla_de_la_juventud,0.0,0.0,0.0,791
categorical__order_state_normalized_islas_baleares,0.0,0.0,0.0,792
categorical__order_state_normalized_izmir,0.0,0.0,0.0,793
categorical__order_state_normalized_jaiber_pajtunju,0.0,0.0,0.0,794
categorical__order_state_normalized_jalisco,0.0,0.0,0.0,795
categorical__order_state_normalized_jambi,0.0,0.0,0.0,796
categorical__order_state_normalized_jammu_y_cachemira,0.0,0.0,0.0,797
categorical__order_state_normalized_jartum,0.0,0.0,0.0,798
categorical__order_state_normalized_java_central,0.0,0.0,0.0,799
categorical__order_state_normalized_java_occidental,0.0,0.0,0.0,800
categorical__order_state_normalized_jeju,0.0,0.0,0.0,801
categorical__order_state_normalized_jersn,0.0,0.0,0.0,802
categorical__order_state_normalized_jerusaln,0.0,0.0,0.0,803
categorical__order_state_normalized_jharkhand,0.0,0.0,0.0,804
categorical__order_state_normalized_jiangxi,0.0,0.0,0.0,805
categorical__order_state_normalized_jinja,0.0,0.0,0.0,806
categorical__order_state_normalized_jizn,0.0,0.0,0.0,807
categorical__order_state_normalized_jorasn_del_sur,0.0,0.0,0.0,808
categorical__order_state_normalized_jorasn_razav,0.0,0.0,0.0,809
categorical__order_state_normalized_jubbada_hoose,0.0,0.0,0.0,810
categorical__order_state_normalized_jujuy,0.0,0.0,0.0,811
categorical__order_state_normalized_junn,0.0,0.0,0.0,812
categorical__order_state_normalized_jutlandia_central,0.0,0.0,0.0,813
categorical__order_state_normalized_juzestn,0.0,0.0,0.0,814
categorical__order_state_normalized_kabardiabalkaria,0.0,0.0,0.0,815
categorical__order_state_normalized_kabarole,0.0,0.0,0.0,816
categorical__order_state_normalized_kabul,0.0,0.0,0.0,817
categorical__order_state_normalized_kagawa,0.0,0.0,0.0,818
categorical__order_state_normalized_kahramanmara,0.0,0.0,0.0,819
categorical__order_state_normalized_kalimantan_oriental,0.0,0.0,0.0,820
categorical__order_state_normalized_kaliningrado,0.0,0.0,0.0,821
categorical__order_state_normalized_kaluga,0.0,0.0,0.0,822
categorical__order_state_normalized_kampala,0.0,0.0,0.0,823
categorical__order_state_normalized_kanagawa,0.0,0.0,0.0,824
categorical__order_state_normalized_kandahar,0.0,0.0,0.0,825
categorical__order_state_normalized_kankan,0.0,0.0,0.0,826
categorical__order_state_normalized_kano,0.0,0.0,0.0,827
categorical__order_state_normalized_kansas,0.0,0.0,0.0,828
categorical__order_state_normalized_kara,0.0,0.0,0.0,829
categorical__order_state_normalized_karagand,0.0,0.0,0.0,830
categorical__order_state_normalized_karbala,0.0,0.0,0.0,831
categorical__order_state_normalized_karnataka,0.0,0.0,0.0,832
categorical__order_state_normalized_kasai_occidental,0.0,0.0,0.0,833
categorical__order_state_normalized_kasai_oriental,0.0,0.0,0.0,834
categorical__order_state_normalized_kasala,0.0,0.0,0.0,835
categorical__order_state_normalized_kashkadar,0.0,0.0,0.0,836
categorical__order_state_normalized_katanga,0.0,0.0,0.0,837
categorical__order_state_normalized_katsina,0.0,0.0,0.0,838
categorical__order_state_normalized_kaunas,0.0,0.0,0.0,839
categorical__order_state_normalized_kayes,0.0,0.0,0.0,840
categorical__order_state_normalized_kayseri,0.0,0.0,0.0,841
categorical__order_state_normalized_kerala,0.0,0.0,0.0,842
categorical__order_state_normalized_kerman,0.0,0.0,0.0,843
categorical__order_state_normalized_kermanshah,0.0,0.0,0.0,844
categorical__order_state_normalized_khatlon,0.0,0.0,0.0,845
categorical__order_state_normalized_khmelnytskyi,0.0,0.0,0.0,846
categorical__order_state_normalized_khnh_ha,0.0,0.0,0.0,847
categorical__order_state_normalized_khomas,0.0,0.0,0.0,848
categorical__order_state_normalized_kigali,0.0,0.0,0.0,849
categorical__order_state_normalized_kigoma,0.0,0.0,0.0,850
categorical__order_state_normalized_kilimanjaro,0.0,0.0,0.0,851
categorical__order_state_normalized_kin_giang,0.0,0.0,0.0,852
categorical__order_state_normalized_kinshasa,0.0,0.0,0.0,853
categorical__order_state_normalized_kirovohrad,0.0,0.0,0.0,854
categorical__order_state_normalized_kirsehir,0.0,0.0,0.0,855
categorical__order_state_normalized_klaipda,0.0,0.0,0.0,856
categorical__order_state_normalized_kocaeli,0.0,0.0,0.0,857
categorical__order_state_normalized_konya,0.0,0.0,0.0,858
categorical__order_state_normalized_kor,0.0,0.0,0.0,859
categorical__order_state_normalized_kostani,0.0,0.0,0.0,860
categorical__order_state_normalized_ktahya,0.0,0.0,0.0,861
categorical__order_state_normalized_kuala_lumpur,0.0,0.0,0.0,862
categorical__order_state_normalized_kumanovo,0.0,0.0,0.0,863
categorical__order_state_normalized_kwara,0.0,0.0,0.0,864
categorical__order_state_normalized_kymenlaakso,0.0,0.0,0.0,865
categorical__order_state_normalized_la_libertad,0.0,0.0,0.0,866
categorical__order_state_normalized_la_pampa,0.0,0.0,0.0,867
categorical__order_state_normalized_la_paz,0.0,0.0,0.0,868
categorical__order_state_normalized_la_rioja,0.0,0.0,0.0,869
categorical__order_state_normalized_la_romana,0.0,0.0,0.0,870
categorical__order_state_normalized_la_vega,0.0,0.0,0.0,871
categorical__order_state_normalized_lacs,0.0,0.0,0.0,872
categorical__order_state_normalized_lagos,0.0,0.0,0.0,873
categorical__order_state_normalized_lagunes,0.0,0.0,0.0,874
categorical__order_state_normalized_lambayeque,0.0,0.0,0.0,875
categorical__order_state_normalized_lara,0.0,0.0,0.0,876
categorical__order_state_normalized_las_tunas,0.0,0.0,0.0,877
categorical__order_state_normalized_lebap,0.0,0.0,0.0,878
categorical__order_state_normalized_len,0.0,0.0,0.0,879
categorical__order_state_normalized_liaoning,0.0,0.0,0.0,880
categorical__order_state_normalized_liberec,0.0,0.0,0.0,881
categorical__order_state_normalized_lieja,0.0,0.0,0.0,882
categorical__order_state_normalized_liguria,0.0,0.0,0.0,883
categorical__order_state_normalized_lima_ciudad,0.0,0.0,0.0,884
categorical__order_state_normalized_limpopo,0.0,0.0,0.0,885
categorical__order_state_normalized_lisboa,0.0,0.0,0.0,886
categorical__order_state_normalized_littoral,0.0,0.0,0.0,887
categorical__order_state_normalized_liubliana,0.0,0.0,0.0,888
categorical__order_state_normalized_lodz,0.0,0.0,0.0,889
categorical__order_state_normalized_lorestan,0.0,0.0,0.0,890
categorical__order_state_normalized_loreto,0.0,0.0,0.0,891
categorical__order_state_normalized_lori,0.0,0.0,0.0,892
categorical__order_state_normalized_los_lagos,0.0,0.0,0.0,893
categorical__order_state_normalized_los_ros,0.0,0.0,0.0,894
categorical__order_state_normalized_lublin,0.0,0.0,0.0,895
categorical__order_state_normalized_lucerna,0.0,0.0,0.0,896
categorical__order_state_normalized_lugansk,0.0,0.0,0.0,897
categorical__order_state_normalized_luisiana,0.0,0.0,0.0,898
categorical__order_state_normalized_lusaka,0.0,0.0,0.0,899
categorical__order_state_normalized_luxemburgo,0.0,0.0,0.0,900
categorical__order_state_normalized_luzn_central,0.0,0.0,0.0,901
categorical__order_state_normalized_lviv,0.0,0.0,0.0,902
categorical__order_state_normalized_madhya_pradesh,0.0,0.0,0.0,903
categorical__order_state_normalized_madrid,0.0,0.0,0.0,904
categorical__order_state_normalized_magallanes_y_antrtica_chilena,0.0,0.0,0.0,905
categorical__order_state_normalized_magdalena,0.0,0.0,0.0,906
categorical__order_state_normalized_maharashtra,0.0,0.0,0.0,907
categorical__order_state_normalized_maine,0.0,0.0,0.0,908
categorical__order_state_normalized_maluku,0.0,0.0,0.0,909
categorical__order_state_normalized_manab,0.0,0.0,0.0,910
categorical__order_state_normalized_managua,0.0,0.0,0.0,911
categorical__order_state_normalized_manica,0.0,0.0,0.0,912
categorical__order_state_normalized_maniema,0.0,0.0,0.0,913
categorical__order_state_normalized_manipur,0.0,0.0,0.0,914
categorical__order_state_normalized_manitoba,0.0,0.0,0.0,915
categorical__order_state_normalized_manzini,0.0,0.0,0.0,916
categorical__order_state_normalized_maputo,0.0,0.0,0.0,917
categorical__order_state_normalized_mar_rojo,0.0,0.0,0.0,918
categorical__order_state_normalized_mara,0.0,0.0,0.0,919
categorical__order_state_normalized_maradi,0.0,0.0,0.0,920
categorical__order_state_normalized_maramures,0.0,0.0,0.0,921
categorical__order_state_normalized_maran,0.0,0.0,0.0,922
categorical__order_state_normalized_mardin,0.0,0.0,0.0,923
categorical__order_state_normalized_markaz,0.0,0.0,0.0,924
categorical__order_state_normalized_marlborough,0.0,0.0,0.0,925
categorical__order_state_normalized_marrakechtensiftal_hauz,0.0,0.0,0.0,926
categorical__order_state_normalized_martima,0.0,0.0,0.0,927
categorical__order_state_normalized_martinica,0.0,0.0,0.0,928
categorical__order_state_normalized_mary,0.0,0.0,0.0,929
categorical__order_state_normalized_masaya,0.0,0.0,0.0,930
categorical__order_state_normalized_mascate,0.0,0.0,0.0,931
categorical__order_state_normalized_maseru,0.0,0.0,0.0,932
categorical__order_state_normalized_massachusetts,0.0,0.0,0.0,933
categorical__order_state_normalized_matagalpa,0.0,0.0,0.0,934
categorical__order_state_normalized_mato_grosso,0.0,0.0,0.0,935
categorical__order_state_normalized_mato_grosso_del_sur,0.0,0.0,0.0,936
categorical__order_state_normalized_mayabeque,0.0,0.0,0.0,937
categorical__order_state_normalized_mazandarn,0.0,0.0,0.0,938
categorical__order_state_normalized_mbeya,0.0,0.0,0.0,939
categorical__order_state_normalized_meca,0.0,0.0,0.0,940
categorical__order_state_normalized_mecklemburgopomerania_occidental,0.0,0.0,0.0,941
categorical__order_state_normalized_medina,0.0,0.0,0.0,942
categorical__order_state_normalized_mehedinti,0.0,0.0,0.0,943
categorical__order_state_normalized_melilla,0.0,0.0,0.0,944
categorical__order_state_normalized_mendoza,0.0,0.0,0.0,945
categorical__order_state_normalized_menia,0.0,0.0,0.0,946
categorical__order_state_normalized_mequineztafilalet,0.0,0.0,0.0,947
categorical__order_state_normalized_meridional,0.0,0.0,0.0,948
categorical__order_state_normalized_mersin,0.0,0.0,0.0,949
categorical__order_state_normalized_mesena,0.0,0.0,0.0,950
categorical__order_state_normalized_michigan,0.0,0.0,0.0,951
categorical__order_state_normalized_michoacn,0.0,0.0,0.0,952
categorical__order_state_normalized_mie,0.0,0.0,0.0,953
categorical__order_state_normalized_minas_gerais,0.0,0.0,0.0,954
categorical__order_state_normalized_mindanao_septentrional,0.0,0.0,0.0,955
categorical__order_state_normalized_minnesota,0.0,0.0,0.0,956
categorical__order_state_normalized_miranda,0.0,0.0,0.0,957
categorical__order_state_normalized_misiones,0.0,0.0,0.0,958
categorical__order_state_normalized_misisipi,0.0,0.0,0.0,959
categorical__order_state_normalized_misurata,0.0,0.0,0.0,960
categorical__order_state_normalized_misuri,0.0,0.0,0.0,961
categorical__order_state_normalized_monagas,0.0,0.0,0.0,962
categorical__order_state_normalized_mongolia_interior,0.0,0.0,0.0,963
categorical__order_state_normalized_monseor_nouel,0.0,0.0,0.0,964
categorical__order_state_normalized_montana,0.0,0.0,0.0,965
categorical__order_state_normalized_montevideo,0.0,0.0,0.0,966
categorical__order_state_normalized_montserrado,0.0,0.0,0.0,967
categorical__order_state_normalized_mopti,0.0,0.0,0.0,968
categorical__order_state_normalized_moquegua,0.0,0.0,0.0,969
categorical__order_state_normalized_morelos,0.0,0.0,0.0,970
categorical__order_state_normalized_morogoro,0.0,0.0,0.0,971
categorical__order_state_normalized_mostaganem,0.0,0.0,0.0,972
categorical__order_state_normalized_mpumalanga,0.0,0.0,0.0,973
categorical__order_state_normalized_mtwara,0.0,0.0,0.0,974
categorical__order_state_normalized_mwanza,0.0,0.0,0.0,975
categorical__order_state_normalized_mykolayiv,0.0,0.0,0.0,976
categorical__order_state_normalized_nagano,0.0,0.0,0.0,977
categorical__order_state_normalized_nagasaki,0.0,0.0,0.0,978
categorical__order_state_normalized_nairobi,0.0,0.0,0.0,979
categorical__order_state_normalized_nakhon_ratchasima,0.0,0.0,0.0,980
categorical__order_state_normalized_namangn,0.0,0.0,0.0,981
categorical__order_state_normalized_namibe,0.0,0.0,0.0,982
categorical__order_state_normalized_nampula,0.0,0.0,0.0,983
categorical__order_state_normalized_namur,0.0,0.0,0.0,984
categorical__order_state_normalized_nangarhar,0.0,0.0,0.0,985
categorical__order_state_normalized_nario,0.0,0.0,0.0,986
categorical__order_state_normalized_navarra,0.0,0.0,0.0,987
categorical__order_state_normalized_nayarit,0.0,0.0,0.0,988
categorical__order_state_normalized_neamt,0.0,0.0,0.0,989
categorical__order_state_normalized_nebraska,0.0,0.0,0.0,990
categorical__order_state_normalized_negeri_sembilan,0.0,0.0,0.0,991
categorical__order_state_normalized_nelson,0.0,0.0,0.0,992
categorical__order_state_normalized_neuqun,0.0,0.0,0.0,993
categorical__order_state_normalized_nevada,0.0,0.0,0.0,994
categorical__order_state_normalized_nevsehir,0.0,0.0,0.0,995
categorical__order_state_normalized_nger,0.0,0.0,0.0,996
categorical__order_state_normalized_niamey,0.0,0.0,0.0,997
categorical__order_state_normalized_niari,0.0,0.0,0.0,998
categorical__order_state_normalized_niassa,0.0,0.0,0.0,999
categorical__order_state_normalized_nicosia,0.0,0.0,0.0,1000
categorical__order_state_normalized_nilo_blanco,0.0,0.0,0.0,1001
categorical__order_state_normalized_ningxia_hui,0.0,0.0,0.0,1002
categorical__order_state_normalized_nnive,0.0,0.0,0.0,1003
categorical__order_state_normalized_nom_pen,0.0,0.0,0.0,1004
categorical__order_state_normalized_nord,0.0,0.0,0.0,1005
categorical__order_state_normalized_nordouest,0.0,0.0,0.0,1006
categorical__order_state_normalized_normanda,0.0,0.0,0.0,1007
categorical__order_state_normalized_noroeste,0.0,0.0,0.0,1008
categorical__order_state_normalized_nortepaso_de_calaispicarda,0.0,0.0,0.0,1009
categorical__order_state_normalized_northland,0.0,0.0,0.0,1010
categorical__order_state_normalized_nouakchott,0.0,0.0,0.0,1011
categorical__order_state_normalized_nueva_escocia,0.0,0.0,0.0,1012
categorical__order_state_normalized_nueva_esparta,0.0,0.0,0.0,1013
categorical__order_state_normalized_nueva_gales_del_sur,0.0,0.0,0.0,1014
categorical__order_state_normalized_nuevo_len,0.0,0.0,0.0,1015
categorical__order_state_normalized_nuevo_mxico,0.0,0.0,0.0,1016
categorical__order_state_normalized_nusa_tenggara_oriental,0.0,0.0,0.0,1017
categorical__order_state_normalized_nyanza,0.0,0.0,0.0,1018
categorical__order_state_normalized_nzrkor,0.0,0.0,0.0,1019
categorical__order_state_normalized_oaxaca,0.0,0.0,0.0,1020
categorical__order_state_normalized_occidental,0.0,0.0,0.0,1021
categorical__order_state_normalized_odisha,0.0,0.0,0.0,1022
categorical__order_state_normalized_ogun,0.0,0.0,0.0,1023
categorical__order_state_normalized_ohiggins,0.0,0.0,0.0,1024
categorical__order_state_normalized_ohio,0.0,0.0,0.0,1025
categorical__order_state_normalized_oita,0.0,0.0,0.0,1026
categorical__order_state_normalized_okayama,0.0,0.0,0.0,1027
categorical__order_state_normalized_oklahoma,0.0,0.0,0.0,1028
categorical__order_state_normalized_ondo,0.0,0.0,0.0,1029
categorical__order_state_normalized_opole,0.0,0.0,0.0,1030
categorical__order_state_normalized_oriental,0.0,0.0,0.0,1031
categorical__order_state_normalized_orn,0.0,0.0,0.0,1032
categorical__order_state_normalized_oruro,0.0,0.0,0.0,1033
categorical__order_state_normalized_osaka,0.0,0.0,0.0,1034
categorical__order_state_normalized_osh,0.0,0.0,0.0,1035
categorical__order_state_normalized_osjeckobaranjska,0.0,0.0,0.0,1036
categorical__order_state_normalized_oslo,0.0,0.0,0.0,1037
categorical__order_state_normalized_osmaniye,0.0,0.0,0.0,1038
categorical__order_state_normalized_osun,0.0,0.0,0.0,1039
categorical__order_state_normalized_otago,0.0,0.0,0.0,1040
categorical__order_state_normalized_ouest,0.0,0.0,0.0,1041
categorical__order_state_normalized_ouest_del_sur,0.0,0.0,0.0,1042
categorical__order_state_normalized_oum,0.0,0.0,0.0,1043
categorical__order_state_normalized_overijssel,0.0,0.0,0.0,1044
categorical__order_state_normalized_oyo,0.0,0.0,0.0,1045
categorical__order_state_normalized_pahang,0.0,0.0,0.0,1046
categorical__order_state_normalized_papua,0.0,0.0,0.0,1047
categorical__order_state_normalized_par,0.0,0.0,0.0,1048
categorical__order_state_normalized_paraba,0.0,0.0,0.0,1049
categorical__order_state_normalized_paramaribo,0.0,0.0,0.0,1050
categorical__order_state_normalized_paran,0.0,0.0,0.0,1051
categorical__order_state_normalized_pas_vasco,0.0,0.0,0.0,1052
categorical__order_state_normalized_pases_del_loira,0.0,0.0,0.0,1053
categorical__order_state_normalized_pavlodar,0.0,0.0,0.0,1054
categorical__order_state_normalized_pazardzhik,0.0,0.0,0.0,1055
categorical__order_state_normalized_pekn,0.0,0.0,0.0,1056
categorical__order_state_normalized_perak,0.0,0.0,0.0,1057
categorical__order_state_normalized_peravia,0.0,0.0,0.0,1058
categorical__order_state_normalized_pernambuco,0.0,0.0,0.0,1059
categorical__order_state_normalized_piamonte,0.0,0.0,0.0,1060
categorical__order_state_normalized_piau,0.0,0.0,0.0,1061
categorical__order_state_normalized_pichincha,0.0,0.0,0.0,1062
categorical__order_state_normalized_piura,0.0,0.0,0.0,1063
categorical__order_state_normalized_plateau,0.0,0.0,0.0,1064
categorical__order_state_normalized_plateaux,0.0,0.0,0.0,1065
categorical__order_state_normalized_plovdiv,0.0,0.0,0.0,1066
categorical__order_state_normalized_podgorica,0.0,0.0,0.0,1067
categorical__order_state_normalized_podlaquia,0.0,0.0,0.0,1068
categorical__order_state_normalized_poltava,0.0,0.0,0.0,1069
categorical__order_state_normalized_pomerania,0.0,0.0,0.0,1070
categorical__order_state_normalized_porto,0.0,0.0,0.0,1071
categorical__order_state_normalized_portuguesa,0.0,0.0,0.0,1072
categorical__order_state_normalized_potos,0.0,0.0,0.0,1073
categorical__order_state_normalized_praga,0.0,0.0,0.0,1074
categorical__order_state_normalized_prahova,0.0,0.0,0.0,1075
categorical__order_state_normalized_prefectura_de_vientin,0.0,0.0,0.0,1076
categorical__order_state_normalized_primorjegorski_kotar,0.0,0.0,0.0,1077
categorical__order_state_normalized_provenzaalpescosta_azul,0.0,0.0,0.0,1078
categorical__order_state_normalized_provincia_oriental,0.0,0.0,0.0,1079
categorical__order_state_normalized_puducherry,0.0,0.0,0.0,1080
categorical__order_state_normalized_puebla,0.0,0.0,0.0,1081
categorical__order_state_normalized_puerto_sad,0.0,0.0,0.0,1082
categorical__order_state_normalized_puno,0.0,0.0,0.0,1083
categorical__order_state_normalized_punyab,0.0,0.0,0.0,1084
categorical__order_state_normalized_qazvn,0.0,0.0,0.0,1085
categorical__order_state_normalized_qina,0.0,0.0,0.0,1086
categorical__order_state_normalized_qinghai,0.0,0.0,0.0,1087
categorical__order_state_normalized_qom,0.0,0.0,0.0,1088
categorical__order_state_normalized_quateur,0.0,0.0,0.0,1089
categorical__order_state_normalized_quebec,0.0,0.0,0.0,1090
categorical__order_state_normalized_quertaro,0.0,0.0,0.0,1091
categorical__order_state_normalized_quezaltenango,0.0,0.0,0.0,1092
categorical__order_state_normalized_quindo,0.0,0.0,0.0,1093
categorical__order_state_normalized_rabatsalzemurzaer,0.0,0.0,0.0,1094
categorical__order_state_normalized_rajastn,0.0,0.0,0.0,1095
categorical__order_state_normalized_rajshahi,0.0,0.0,0.0,1096
categorical__order_state_normalized_rangn,0.0,0.0,0.0,1097
categorical__order_state_normalized_ras_aljaima,0.0,0.0,0.0,1098
categorical__order_state_normalized_regin_capital,0.0,0.0,0.0,1099
categorical__order_state_normalized_renaniapalatinado,0.0,0.0,0.0,1100
categorical__order_state_normalized_rhode_island,0.0,0.0,0.0,1101
categorical__order_state_normalized_rio_grande_do_sul,0.0,0.0,0.0,1102
categorical__order_state_normalized_rivera,0.0,0.0,0.0,1103
categorical__order_state_normalized_rivne,0.0,0.0,0.0,1104
categorical__order_state_normalized_ro_de_janeiro,0.0,0.0,0.0,1105
categorical__order_state_normalized_ro_grande_del_norte,0.0,0.0,0.0,1106
categorical__order_state_normalized_ro_negro,0.0,0.0,0.0,1107
categorical__order_state_normalized_rogaland,0.0,0.0,0.0,1108
categorical__order_state_normalized_rondnia,0.0,0.0,0.0,1109
categorical__order_state_normalized_roraima,0.0,0.0,0.0,1110
categorical__order_state_normalized_ros,0.0,0.0,0.0,1111
categorical__order_state_normalized_ruvuma,0.0,0.0,0.0,1112
categorical__order_state_normalized_sabah,0.0,0.0,0.0,1113
categorical__order_state_normalized_saga,0.0,0.0,0.0,1114
categorical__order_state_normalized_saida,0.0,0.0,0.0,1115
categorical__order_state_normalized_saintlouis,0.0,0.0,0.0,1116
categorical__order_state_normalized_saitama,0.0,0.0,0.0,1117
categorical__order_state_normalized_sajoniaanhalt,0.0,0.0,0.0,1118
categorical__order_state_normalized_salta,0.0,0.0,0.0,1119
categorical__order_state_normalized_salzburgo,0.0,0.0,0.0,1120
categorical__order_state_normalized_samsun,0.0,0.0,0.0,1121
categorical__order_state_normalized_san_cristbal,0.0,0.0,0.0,1122
categorical__order_state_normalized_san_galo,0.0,0.0,0.0,1123
categorical__order_state_normalized_san_luis,0.0,0.0,0.0,1124
categorical__order_state_normalized_san_luis_potos,0.0,0.0,0.0,1125
categorical__order_state_normalized_san_miguel,0.0,0.0,0.0,1126
categorical__order_state_normalized_san_pedro_de_macors,0.0,0.0,0.0,1127
categorical__order_state_normalized_san_salvador,0.0,0.0,0.0,1128
categorical__order_state_normalized_sanliurfa,0.0,0.0,0.0,1129
categorical__order_state_normalized_santa_ana,0.0,0.0,0.0,1130
categorical__order_state_normalized_santa_caterina,0.0,0.0,0.0,1131
categorical__order_state_normalized_santa_cruz,0.0,0.0,0.0,1132
categorical__order_state_normalized_santander,0.0,0.0,0.0,1133
categorical__order_state_normalized_santiago_de_chile,0.0,0.0,0.0,1134
categorical__order_state_normalized_santiago_de_cuba,0.0,0.0,0.0,1135
categorical__order_state_normalized_santiago_del_estero,0.0,0.0,0.0,1136
categorical__order_state_normalized_santo_domingo,0.0,0.0,0.0,1137
categorical__order_state_normalized_sarre,0.0,0.0,0.0,1138
categorical__order_state_normalized_schleswigholstein,0.0,0.0,0.0,1139
categorical__order_state_normalized_sdermanland,0.0,0.0,0.0,1140
categorical__order_state_normalized_sel,0.0,0.0,0.0,1141
categorical__order_state_normalized_selandia,0.0,0.0,0.0,1142
categorical__order_state_normalized_selangor,0.0,0.0,0.0,1143
categorical__order_state_normalized_semnn,0.0,0.0,0.0,1144
categorical__order_state_normalized_septentrional,0.0,0.0,0.0,1145
categorical__order_state_normalized_sergipe,0.0,0.0,0.0,1146
categorical__order_state_normalized_sevastopol,0.0,0.0,0.0,1147
categorical__order_state_normalized_shaanxi,0.0,0.0,0.0,1148
categorical__order_state_normalized_shandong,0.0,0.0,0.0,1149
categorical__order_state_normalized_shanghi,0.0,0.0,0.0,1150
categorical__order_state_normalized_shanxi,0.0,0.0,0.0,1151
categorical__order_state_normalized_shinyanga,0.0,0.0,0.0,1152
categorical__order_state_normalized_shizuoka,0.0,0.0,0.0,1153
categorical__order_state_normalized_shumen,0.0,0.0,0.0,1154
categorical__order_state_normalized_sibiu,0.0,0.0,0.0,1155
categorical__order_state_normalized_sichuan,0.0,0.0,0.0,1156
categorical__order_state_normalized_siirt,0.0,0.0,0.0,1157
categorical__order_state_normalized_silesia,0.0,0.0,0.0,1158
categorical__order_state_normalized_sinaloa,0.0,0.0,0.0,1159
categorical__order_state_normalized_singapur,0.0,0.0,0.0,1160
categorical__order_state_normalized_sirnak,0.0,0.0,0.0,1161
categorical__order_state_normalized_sistn_y_baluchistn,0.0,0.0,0.0,1162
categorical__order_state_normalized_sivas,0.0,0.0,0.0,1163
categorical__order_state_normalized_skikda,0.0,0.0,0.0,1164
categorical__order_state_normalized_sliven,0.0,0.0,0.0,1165
categorical__order_state_normalized_so_paulo,0.0,0.0,0.0,1166
categorical__order_state_normalized_sofaciudad,0.0,0.0,0.0,1167
categorical__order_state_normalized_sofala,0.0,0.0,0.0,1168
categorical__order_state_normalized_sokoto,0.0,0.0,0.0,1169
categorical__order_state_normalized_sonora,0.0,0.0,0.0,1170
categorical__order_state_normalized_sonsonate,0.0,0.0,0.0,1171
categorical__order_state_normalized_southland,0.0,0.0,0.0,1172
categorical__order_state_normalized_st_nad_labem,0.0,0.0,0.0,1173
categorical__order_state_normalized_stiria,0.0,0.0,0.0,1174
categorical__order_state_normalized_stvropol,0.0,0.0,0.0,1175
categorical__order_state_normalized_suceava,0.0,0.0,0.0,1176
categorical__order_state_normalized_sucre,0.0,0.0,0.0,1177
categorical__order_state_normalized_sudeste,0.0,0.0,0.0,1178
categorical__order_state_normalized_suhaj,0.0,0.0,0.0,1179
categorical__order_state_normalized_sumatra_meridional,0.0,0.0,0.0,1180
categorical__order_state_normalized_sumatra_occidental,0.0,0.0,0.0,1181
categorical__order_state_normalized_sumatra_septentrional,0.0,0.0,0.0,1182
categorical__order_state_normalized_sumy,0.0,0.0,0.0,1183
categorical__order_state_normalized_surjandarn,0.0,0.0,0.0,1184
categorical__order_state_normalized_susmasadraa,0.0,0.0,0.0,1185
categorical__order_state_normalized_sylhet,0.0,0.0,0.0,1186
categorical__order_state_normalized_tabora,0.0,0.0,0.0,1187
categorical__order_state_normalized_tabuk,0.0,0.0,0.0,1188
categorical__order_state_normalized_tadlaazilal,0.0,0.0,0.0,1189
categorical__order_state_normalized_taipi,0.0,0.0,0.0,1190
categorical__order_state_normalized_taiz,0.0,0.0,0.0,1191
categorical__order_state_normalized_tamil_nadu,0.0,0.0,0.0,1192
categorical__order_state_normalized_taranaki,0.0,0.0,0.0,1193
categorical__order_state_normalized_tarapac,0.0,0.0,0.0,1194
categorical__order_state_normalized_tarija,0.0,0.0,0.0,1195
categorical__order_state_normalized_tasmania,0.0,0.0,0.0,1196
categorical__order_state_normalized_tazaalhucemastaunat,0.0,0.0,0.0,1197
categorical__order_state_normalized_tchira,0.0,0.0,0.0,1198
categorical__order_state_normalized_tehern,0.0,0.0,0.0,1199
categorical__order_state_normalized_tekirdag,0.0,0.0,0.0,1200
categorical__order_state_normalized_tel_aviv,0.0,0.0,0.0,1201
categorical__order_state_normalized_telangana,0.0,0.0,0.0,1202
categorical__order_state_normalized_tennessee,0.0,0.0,0.0,1203
categorical__order_state_normalized_ternpil,0.0,0.0,0.0,1204
categorical__order_state_normalized_terranova,0.0,0.0,0.0,1205
categorical__order_state_normalized_territorio_de_la_capital_australiana,0.0,0.0,0.0,1206
categorical__order_state_normalized_territorio_de_la_capital_federal,0.0,0.0,0.0,1207
categorical__order_state_normalized_territorio_del_norte,0.0,0.0,0.0,1208
categorical__order_state_normalized_tete,0.0,0.0,0.0,1209
categorical__order_state_normalized_texas,0.0,0.0,0.0,1210
categorical__order_state_normalized_th_d_h_ni,0.0,0.0,0.0,1211
categorical__order_state_normalized_this,0.0,0.0,0.0,1212
categorical__order_state_normalized_tianjin,0.0,0.0,0.0,1213
categorical__order_state_normalized_tiflis,0.0,0.0,0.0,1214
categorical__order_state_normalized_timis,0.0,0.0,0.0,1215
categorical__order_state_normalized_tipaza,0.0,0.0,0.0,1216
categorical__order_state_normalized_tirol,0.0,0.0,0.0,1217
categorical__order_state_normalized_tizi_ouzou,0.0,0.0,0.0,1218
categorical__order_state_normalized_tnez,0.0,0.0,0.0,1219
categorical__order_state_normalized_tngertetun,0.0,0.0,0.0,1220
categorical__order_state_normalized_tnh_cn_th,0.0,0.0,0.0,1221
categorical__order_state_normalized_tocantins,0.0,0.0,0.0,1222
categorical__order_state_normalized_tochigi,0.0,0.0,0.0,1223
categorical__order_state_normalized_tokat,0.0,0.0,0.0,1224
categorical__order_state_normalized_tokio,0.0,0.0,0.0,1225
categorical__order_state_normalized_toscana,0.0,0.0,0.0,1226
categorical__order_state_normalized_tottori,0.0,0.0,0.0,1227
categorical__order_state_normalized_trebisonda,0.0,0.0,0.0,1228
categorical__order_state_normalized_trengganu,0.0,0.0,0.0,1229
categorical__order_state_normalized_trentinoalto_adigio,0.0,0.0,0.0,1230
categorical__order_state_normalized_tripura,0.0,0.0,0.0,1231
categorical__order_state_normalized_turingia,0.0,0.0,0.0,1232
categorical__order_state_normalized_ucayali,0.0,0.0,0.0,1233
categorical__order_state_normalized_uln_bator,0.0,0.0,0.0,1234
categorical__order_state_normalized_ulsan,0.0,0.0,0.0,1235
categorical__order_state_normalized_upsala,0.0,0.0,0.0,1236
categorical__order_state_normalized_usak,0.0,0.0,0.0,1237
categorical__order_state_normalized_utah,0.0,0.0,0.0,1238
categorical__order_state_normalized_utrecht,0.0,0.0,0.0,1239
categorical__order_state_normalized_uttar_pradesh,0.0,0.0,0.0,1240
categorical__order_state_normalized_uttarakhand,0.0,0.0,0.0,1241
categorical__order_state_normalized_uusimaa,0.0,0.0,0.0,1242
categorical__order_state_normalized_valle_del_cauca,0.0,0.0,0.0,1243
categorical__order_state_normalized_valle_du_bandama,0.0,0.0,0.0,1244
categorical__order_state_normalized_van,0.0,0.0,0.0,1245
categorical__order_state_normalized_varna,0.0,0.0,0.0,1246
categorical__order_state_normalized_vaud,0.0,0.0,0.0,1247
categorical__order_state_normalized_veracruz,0.0,0.0,0.0,1248
categorical__order_state_normalized_vermont,0.0,0.0,0.0,1249
categorical__order_state_normalized_vestagder,0.0,0.0,0.0,1250
categorical__order_state_normalized_viena,0.0,0.0,0.0,1251
categorical__order_state_normalized_villa_clara,0.0,0.0,0.0,1252
categorical__order_state_normalized_vilna,0.0,0.0,0.0,1253
categorical__order_state_normalized_virginia,0.0,0.0,0.0,1254
categorical__order_state_normalized_virginia_occidental,0.0,0.0,0.0,1255
categorical__order_state_normalized_visayas_occidental,0.0,0.0,0.0,1256
categorical__order_state_normalized_vitsyebsk,0.0,0.0,0.0,1257
categorical__order_state_normalized_vlor,0.0,0.0,0.0,1258
categorical__order_state_normalized_vneto,0.0,0.0,0.0,1259
categorical__order_state_normalized_vnnytsia,0.0,0.0,0.0,1260
categorical__order_state_normalized_volinia,0.0,0.0,0.0,1261
categorical__order_state_normalized_vrancea,0.0,0.0,0.0,1262
categorical__order_state_normalized_vrmland,0.0,0.0,0.0,1263
categorical__order_state_normalized_vstra_gtaland,0.0,0.0,0.0,1264
categorical__order_state_normalized_waikato,0.0,0.0,0.0,1265
categorical__order_state_normalized_wellington,0.0,0.0,0.0,1266
categorical__order_state_normalized_wisconsin,0.0,0.0,0.0,1267
categorical__order_state_normalized_xinjiang_uygur,0.0,0.0,0.0,1268
categorical__order_state_normalized_yakarta,0.0,0.0,0.0,1269
categorical__order_state_normalized_yalova,0.0,0.0,0.0,1270
categorical__order_state_normalized_yamaguchi,0.0,0.0,0.0,1271
categorical__order_state_normalized_yaracuy,0.0,0.0,0.0,1272
categorical__order_state_normalized_yaroslavl,0.0,0.0,0.0,1273
categorical__order_state_normalized_yazd,0.0,0.0,0.0,1274
categorical__order_state_normalized_yibuti,0.0,0.0,0.0,1275
categorical__order_state_normalized_yobe,0.0,0.0,0.0,1276
categorical__order_state_normalized_yogyakarta,0.0,0.0,0.0,1277
categorical__order_state_normalized_yoro,0.0,0.0,0.0,1278
categorical__order_state_normalized_yucatn,0.0,0.0,0.0,1279
categorical__order_state_normalized_yunnan,0.0,0.0,0.0,1280
categorical__order_state_normalized_zacatecas,0.0,0.0,0.0,1281
categorical__order_state_normalized_zagrebacka,0.0,0.0,0.0,1282
categorical__order_state_normalized_zanyn,0.0,0.0,0.0,1283
categorical__order_state_normalized_zaporiyia,0.0,0.0,0.0,1284
categorical__order_state_normalized_zelanda,0.0,0.0,0.0,1285
categorical__order_state_normalized_zhambyl,0.0,0.0,0.0,1286
categorical__order_state_normalized_zhejiang,0.0,0.0,0.0,1287
categorical__order_state_normalized_zhytmyr,0.0,0.0,0.0,1288
categorical__order_state_normalized_zrich,0.0,0.0,0.0,1289
categorical__order_state_normalized_zulia,0.0,0.0,0.0,1290
