feature_name,importance_gain_proxy,importance_share
binary_flags__is_standard_shipping,0.58784837,0.58784837
categorical__shipping_mode_normalized_same_day,0.10798613,0.10798613
numeric_continuous__scheduled_shipping_days,0.094729654,0.094729654
categorical__shipping_mode_normalized_first_class,0.03406663,0.03406663
binary_flags__is_same_day_or_next_day_shipping,0.029730882,0.029730882
categorical__shipping_mode_normalized_second_class,0.020238321,0.020238321
numeric_continuous__order_hour,0.017035782,0.017035782
categorical__shipping_speed_tier_standard,0.015109271,0.015109271
categorical__order_region_normalized_south_asia,0.001690679,0.001690679
categorical__order_region_normalized_west_of_usa,0.0015778263,0.0015778263
categorical__order_state_normalized_kentucky,0.0014304437,0.0014304437
categorical__customer_state_normalized_ma,0.0013272383,0.0013272383
categorical__customer_state_normalized_or,0.0012197932,0.0012197932
categorical__order_region_normalized_south_america,0.001136823,0.001136823
categorical__order_country_normalized_rumania,0.0010335841,0.0010335841
categorical__market_normalized_pacific_asia,0.00095812767,0.00095812767
categorical__order_state_normalized_chiriqu,0.0009546405,0.0009546405
categorical__order_state_normalized_durango,0.00093871215,0.00093871215
categorical__order_state_normalized_borgoafranco_condado,0.0008377209,0.0008377209
categorical__order_state_normalized_murcia,0.00082517084,0.00082517084
categorical__order_region_normalized_eastern_europe,0.000795606,0.000795606
categorical__customer_state_normalized_ks,0.00078956614,0.00078956614
categorical__customer_segment_normalized_corporate,0.00078848953,0.00078848953
categorical__customer_state_normalized_mo,0.0007728612,0.0007728612
categorical__order_country_normalized_hungra,0.0007648218,0.0007648218
categorical__order_country_normalized_repblica_democrtica_del_congo,0.0007550722,0.0007550722
categorical__order_country_normalized_cuba,0.0007477255,0.0007477255
categorical__order_state_normalized_washington,0.00074270804,0.00074270804
categorical__order_state_normalized_duarte,0.0007389767,0.0007389767
categorical__order_state_normalized_panam,0.0007340293,0.0007340293
categorical__order_state_normalized_dnipropetrovsk,0.0007308296,0.0007308296
categorical__order_state_normalized_quintana_roo,0.00072615955,0.00072615955
categorical__order_state_normalized_nueva_jersey,0.0007239415,0.0007239415
categorical__order_state_normalized_tamaulipas,0.0007232186,0.0007232186
categorical__Type_CASH,0.00071776775,0.00071776775
categorical__order_state_normalized_finlandia_del_sudoeste,0.00070858054,0.00070858054
categorical__order_state_normalized_amberes,0.0007064505,0.0007064505
categorical__order_country_normalized_canada,0.0006927002,0.0006927002
categorical__order_state_normalized_tabasco,0.0006893513,0.0006893513
categorical__order_region_normalized_western_europe,0.0006833758,0.0006833758
categorical__order_state_normalized_sajonia,0.0006826587,0.0006826587
categorical__order_state_normalized_alsaciachampaaardenaslorena,0.00067643984,0.00067643984
categorical__order_country_normalized_panam,0.0006751762,0.0006751762
categorical__order_state_normalized_chongqing,0.0006641106,0.0006641106
categorical__customer_state_normalized_tn,0.0006630222,0.0006630222
categorical__order_state_normalized_mxico,0.0006515688,0.0006515688
categorical__order_country_normalized_suecia,0.0006472319,0.0006472319
categorical__order_state_normalized_huehuetenango,0.0006468501,0.0006468501
categorical__order_state_normalized_atlntida,0.0006422662,0.0006422662
categorical__order_state_normalized_lombarda,0.0006410892,0.0006410892
categorical__customer_state_normalized_mn,0.0006368282,0.0006368282
categorical__order_country_normalized_marruecos,0.0006308413,0.0006308413
categorical__order_state_normalized_nueva_york,0.00063078554,0.00063078554
categorical__order_state_normalized_santa_catarina,0.00062982354,0.00062982354
categorical__order_state_normalized_pensilvania,0.0006297836,0.0006297836
categorical__order_state_normalized_flanders_oriental,0.000624347,0.000624347
numeric_continuous__order_year,0.00062324514,0.00062324514
categorical__order_state_normalized_valenciana,0.00062230113,0.00062230113
categorical__order_state_normalized_ontario,0.0006185791,0.0006185791
categorical__order_state_normalized_limburgo,0.0006183676,0.0006183676
categorical__customer_state_normalized_ca,0.0006179873,0.0006179873
categorical__order_country_normalized_indonesia,0.00061565853,0.00061565853
categorical__customer_state_normalized_md,0.0006151675,0.0006151675
categorical__order_country_normalized_mozambique,0.00061093876,0.00061093876
categorical__customer_state_normalized_tx,0.0006065869,0.0006065869
categorical__order_state_normalized_campania,0.0006043815,0.0006043815
categorical__market_normalized_africa,0.00060403405,0.00060403405
categorical__order_state_normalized_maryland,0.00060196413,0.00060196413
categorical__order_state_normalized_manawatuwanganui,0.00060047716,0.00060047716
categorical__order_state_normalized_dar_es_salaam,0.0005921172,0.0005921172
categorical__order_state_normalized_languedocrosellnmediodapirineos,0.0005920383,0.0005920383
categorical__order_state_normalized_riad,0.00059171865,0.00059171865
categorical__customer_state_normalized_co,0.0005874687,0.0005874687
categorical__order_country_normalized_colombia,0.000587197,0.000587197
categorical__order_state_normalized_norte_de_santander,0.0005865055,0.0005865055
categorical__order_state_normalized_jrkov,0.00058639806,0.00058639806
categorical__order_state_normalized_matanzas,0.00058611,0.00058611
categorical__order_region_normalized_eastern_asia,0.00058313186,0.00058313186
categorical__customer_state_normalized_pa,0.00058017,0.00058017
categorical__order_state_normalized_delhi,0.0005786096,0.0005786096
categorical__order_state_normalized_tolima,0.0005746897,0.0005746897
categorical__order_state_normalized_kaduna,0.0005712953,0.0005712953
categorical__order_state_normalized_oregn,0.0005712374,0.0005712374
categorical__order_state_normalized_irkutsk,0.0005701008,0.0005701008
categorical__order_state_normalized_haryana,0.0005638217,0.0005638217
categorical__order_state_normalized_kwazulunatal,0.0005614579,0.0005614579
categorical__order_season_spring,0.000559393,0.000559393
categorical__order_country_normalized_malasia,0.0005548463,0.0005548463
categorical__order_state_normalized_mazovia,0.00055317057,0.00055317057
categorical__order_state_normalized_sind,0.0005484384,0.0005484384
categorical__order_state_normalized_badenwurtemberg,0.00054624083,0.00054624083
categorical__order_state_normalized_nusatenggara_occidental,0.00054046937,0.00054046937
categorical__order_state_normalized_marche,0.00053570874,0.00053570874
categorical__customer_segment_normalized_consumer,0.00053516176,0.00053516176
categorical__order_state_normalized_nuevo_hampshire,0.0005348154,0.0005348154
categorical__order_state_normalized_pinar_del_ro,0.0005325139,0.0005325139
categorical__order_state_normalized_sarawak,0.00053069467,0.00053069467
categorical__order_state_normalized_risaralda,0.00053030445,0.00053030445
categorical__order_state_normalized_kivu_del_sur,0.00052636204,0.00052636204
numeric_continuous__order_week_of_year,0.0005246431,0.0005246431
categorical__order_state_normalized_san_juan,0.000522854,0.000522854
categorical__order_country_normalized_kenia,0.00052282464,0.00052282464
categorical__order_state_normalized_castilla_y_len,0.00052141555,0.00052141555
categorical__order_state_normalized_santa_fe,0.00052111363,0.00052111363
numeric_continuous__order_day_of_month,0.00051987806,0.00051987806
categorical__order_state_normalized_java_oriental,0.0005178007,0.0005178007
categorical__order_state_normalized_lacio,0.00051773794,0.00051773794
categorical__customer_state_normalized_nm,0.00051604083,0.00051604083
categorical__order_state_normalized_calabarzn,0.00051488366,0.00051488366
categorical__order_state_normalized_sicilia,0.0005125357,0.0005125357
categorical__order_state_normalized_cabo_oriental,0.0005111239,0.0005111239
categorical__order_country_normalized_blgica,0.00050976535,0.00050976535
categorical__order_country_normalized_egipto,0.00050411746,0.00050411746
categorical__order_state_normalized_guyarat,0.0005035282,0.0005035282
categorical__order_state_normalized_sancti_spritus,0.00050338876,0.00050338876
categorical__order_state_normalized_san_fernando,0.00050177873,0.00050177873
categorical__order_state_normalized_jiangsu,0.0004998719,0.0004998719
categorical__order_state_normalized_renania_del_nortewestfalia,0.00049314304,0.00049314304
categorical__customer_state_normalized_ny,0.00049113616,0.00049113616
categorical__order_state_normalized_jilin,0.00048445188,0.00048445188
categorical__order_state_normalized_brandenburgo,0.00048420823,0.00048420823
categorical__order_state_normalized_distrito_capital,0.00048418055,0.00048418055
categorical__order_state_normalized_queensland,0.00048406108,0.00048406108
categorical__order_state_normalized_ginebra,0.0004832858,0.0004832858
categorical__order_state_normalized_victoria,0.0004802089,0.0004802089
categorical__order_state_normalized_pilsen,0.0004781395,0.0004781395
categorical__order_state_normalized_kurdistn,0.00047641314,0.00047641314
categorical__Type_PAYMENT,0.00046654555,0.00046654555
categorical__order_state_normalized_hunan,0.00046492953,0.00046492953
categorical__order_state_normalized_manisa,0.0004598751,0.0004598751
categorical__order_country_normalized_alemania,0.00045828498,0.00045828498
categorical__order_state_normalized_khulna,0.0004568823,0.0004568823
categorical__order_region_normalized_oceania,0.00045535987,0.00045535987
categorical__order_state_normalized_coln,0.00045262364,0.00045262364
categorical__customer_country_normalized_ee_uu,0.0004500669,0.0004500669
categorical__order_state_normalized_ancash,0.00044698227,0.00044698227
categorical__order_state_normalized_carabobo,0.0004403868,0.0004403868
categorical__order_state_normalized_cuscatln,0.0004369174,0.0004369174
categorical__order_region_normalized_central_america,0.0004361969,0.0004361969
categorical__order_state_normalized_valparaso,0.0004339365,0.0004339365
categorical__order_state_normalized_basileaciudad,0.00043342874,0.00043342874
categorical__order_state_normalized_auverniardanoalpes,0.0004304785,0.0004304785
categorical__order_state_normalized_alejandra,0.00042810728,0.00042810728
categorical__order_state_normalized_umbra,0.0004274801,0.0004274801
categorical__order_state_normalized_riau,0.00042451321,0.00042451321
categorical__order_state_normalized_ivanovo,0.0004215615,0.0004215615
categorical__order_state_normalized_vornezh,0.00042069086,0.00042069086
categorical__order_state_normalized_luanda,0.00041871832,0.00041871832
categorical__customer_state_normalized_il,0.00041848325,0.00041848325
categorical__customer_state_normalized_mi,0.0004144799,0.0004144799
numeric_continuous__order_day_of_week,0.00041078564,0.00041078564
categorical__order_state_normalized_vargas,0.00039882518,0.00039882518
categorical__Type_TRANSFER,0.00038287844,0.00038287844
categorical__order_state_normalized_saskatchewan,0.00037819045,0.00037819045
categorical__order_state_normalized_bagdad,0.0003760397,0.0003760397
categorical__Type_DEBIT,0.00036643233,0.00036643233
categorical__order_state_normalized_bogot,0.00035749556,0.00035749556
categorical__customer_state_normalized_va,0.000342453,0.000342453
categorical__customer_segment_normalized_home_office,0.00032666663,0.00032666663
binary_flags__order_is_weekend,0.00032429764,0.00032429764
categorical__market_normalized_latam,0.00030662213,0.00030662213
categorical__customer_country_normalized_puerto_rico,0.00027108315,0.00027108315
numeric_continuous__order_month,0.000249948,0.000249948
numeric_continuous__order_quarter,0.0002453232,0.0002453232
categorical__product_department_key_5_golf,0.00020904823,0.00020904823
categorical__order_state_normalized_cidade_de_maputo,0.00014275675,0.00014275675
categorical__product_category_key_17_cleats,9.697424e-05,9.697424e-05
binary_flags__customer_order_country_match,0.0,0.0
binary_flags__customer_order_state_match,0.0,0.0
binary_flags__customer_zipcode_available,0.0,0.0
binary_flags__geo_coordinates_available,0.0,0.0
binary_flags__order_zipcode_available,0.0,0.0
categorical__customer_state_normalized_al,0.0,0.0
categorical__customer_state_normalized_ar,0.0,0.0
categorical__customer_state_normalized_az,0.0,0.0
categorical__customer_state_normalized_ct,0.0,0.0
categorical__customer_state_normalized_dc,0.0,0.0
categorical__customer_state_normalized_de,0.0,0.0
categorical__customer_state_normalized_fl,0.0,0.0
categorical__customer_state_normalized_ga,0.0,0.0
categorical__customer_state_normalized_hi,0.0,0.0
categorical__customer_state_normalized_ia,0.0,0.0
categorical__customer_state_normalized_id,0.0,0.0
categorical__customer_state_normalized_in,0.0,0.0
categorical__customer_state_normalized_ky,0.0,0.0
categorical__customer_state_normalized_la,0.0,0.0
categorical__customer_state_normalized_mt,0.0,0.0
categorical__customer_state_normalized_nc,0.0,0.0
categorical__customer_state_normalized_nd,0.0,0.0
categorical__customer_state_normalized_nj,0.0,0.0
categorical__customer_state_normalized_nv,0.0,0.0
categorical__customer_state_normalized_oh,0.0,0.0
categorical__customer_state_normalized_ok,0.0,0.0
categorical__customer_state_normalized_pr,0.0,0.0
categorical__customer_state_normalized_ri,0.0,0.0
categorical__customer_state_normalized_sc,0.0,0.0
categorical__customer_state_normalized_ut,0.0,0.0
categorical__customer_state_normalized_wa,0.0,0.0
categorical__customer_state_normalized_wi,0.0,0.0
categorical__customer_state_normalized_wv,0.0,0.0
categorical__market_normalized_europe,0.0,0.0
categorical__market_normalized_usca,0.0,0.0
categorical__order_country_normalized_afganistn,0.0,0.0
categorical__order_country_normalized_albania,0.0,0.0
categorical__order_country_normalized_angola,0.0,0.0
categorical__order_country_normalized_arabia_saud,0.0,0.0
categorical__order_country_normalized_argelia,0.0,0.0
categorical__order_country_normalized_argentina,0.0,0.0
categorical__order_country_normalized_armenia,0.0,0.0
categorical__order_country_normalized_australia,0.0,0.0
categorical__order_country_normalized_austria,0.0,0.0
categorical__order_country_normalized_azerbaiyn,0.0,0.0
categorical__order_country_normalized_banglads,0.0,0.0
categorical__order_country_normalized_barbados,0.0,0.0
categorical__order_country_normalized_belice,0.0,0.0
categorical__order_country_normalized_benn,0.0,0.0
categorical__order_country_normalized_bielorrusia,0.0,0.0
categorical__order_country_normalized_bolivia,0.0,0.0
categorical__order_country_normalized_bosnia_y_herzegovina,0.0,0.0
categorical__order_country_normalized_botsuana,0.0,0.0
categorical__order_country_normalized_brasil,0.0,0.0
categorical__order_country_normalized_bulgaria,0.0,0.0
categorical__order_country_normalized_burkina_faso,0.0,0.0
categorical__order_country_normalized_butn,0.0,0.0
categorical__order_country_normalized_camboya,0.0,0.0
categorical__order_country_normalized_camern,0.0,0.0
categorical__order_country_normalized_chile,0.0,0.0
categorical__order_country_normalized_china,0.0,0.0
categorical__order_country_normalized_chipre,0.0,0.0
categorical__order_country_normalized_corea_del_sur,0.0,0.0
categorical__order_country_normalized_costa_de_marfil,0.0,0.0
categorical__order_country_normalized_costa_rica,0.0,0.0
categorical__order_country_normalized_croacia,0.0,0.0
categorical__order_country_normalized_dinamarca,0.0,0.0
categorical__order_country_normalized_ecuador,0.0,0.0
categorical__order_country_normalized_el_salvador,0.0,0.0
categorical__order_country_normalized_emiratos_rabes_unidos,0.0,0.0
categorical__order_country_normalized_eslovaquia,0.0,0.0
categorical__order_country_normalized_eslovenia,0.0,0.0
categorical__order_country_normalized_espaa,0.0,0.0
categorical__order_country_normalized_estados_unidos,0.0,0.0
categorical__order_country_normalized_estonia,0.0,0.0
categorical__order_country_normalized_filipinas,0.0,0.0
categorical__order_country_normalized_finlandia,0.0,0.0
categorical__order_country_normalized_francia,0.0,0.0
categorical__order_country_normalized_gabn,0.0,0.0
categorical__order_country_normalized_georgia,0.0,0.0
categorical__order_country_normalized_ghana,0.0,0.0
categorical__order_country_normalized_grecia,0.0,0.0
categorical__order_country_normalized_guadalupe,0.0,0.0
categorical__order_country_normalized_guatemala,0.0,0.0
categorical__order_country_normalized_guayana_francesa,0.0,0.0
categorical__order_country_normalized_guinea,0.0,0.0
categorical__order_country_normalized_guineabissau,0.0,0.0
categorical__order_country_normalized_guyana,0.0,0.0
categorical__order_country_normalized_hait,0.0,0.0
categorical__order_country_normalized_honduras,0.0,0.0
categorical__order_country_normalized_hong_kong,0.0,0.0
categorical__order_country_normalized_india,0.0,0.0
categorical__order_country_normalized_irak,0.0,0.0
categorical__order_country_normalized_irlanda,0.0,0.0
categorical__order_country_normalized_irn,0.0,0.0
categorical__order_country_normalized_israel,0.0,0.0
categorical__order_country_normalized_italia,0.0,0.0
categorical__order_country_normalized_jamaica,0.0,0.0
categorical__order_country_normalized_japn,0.0,0.0
categorical__order_country_normalized_jordania,0.0,0.0
categorical__order_country_normalized_kazajistn,0.0,0.0
categorical__order_country_normalized_kirguistn,0.0,0.0
categorical__order_country_normalized_kuwait,0.0,0.0
categorical__order_country_normalized_laos,0.0,0.0
categorical__order_country_normalized_lbano,0.0,0.0
categorical__order_country_normalized_lesoto,0.0,0.0
categorical__order_country_normalized_liberia,0.0,0.0
categorical__order_country_normalized_libia,0.0,0.0
categorical__order_country_normalized_lituania,0.0,0.0
categorical__order_country_normalized_luxemburgo,0.0,0.0
categorical__order_country_normalized_macedonia,0.0,0.0
categorical__order_country_normalized_madagascar,0.0,0.0
categorical__order_country_normalized_mali,0.0,0.0
categorical__order_country_normalized_martinica,0.0,0.0
categorical__order_country_normalized_mauritania,0.0,0.0
categorical__order_country_normalized_moldavia,0.0,0.0
categorical__order_country_normalized_mongolia,0.0,0.0
categorical__order_country_normalized_montenegro,0.0,0.0
categorical__order_country_normalized_mxico,0.0,0.0
categorical__order_country_normalized_myanmar_birmania,0.0,0.0
categorical__order_country_normalized_namibia,0.0,0.0
categorical__order_country_normalized_nepal,0.0,0.0
categorical__order_country_normalized_nger,0.0,0.0
categorical__order_country_normalized_nicaragua,0.0,0.0
categorical__order_country_normalized_nigeria,0.0,0.0
categorical__order_country_normalized_noruega,0.0,0.0
categorical__order_country_normalized_nueva_zelanda,0.0,0.0
categorical__order_country_normalized_omn,0.0,0.0
categorical__order_country_normalized_pakistn,0.0,0.0
categorical__order_country_normalized_papa_nueva_guinea,0.0,0.0
categorical__order_country_normalized_paraguay,0.0,0.0
categorical__order_country_normalized_pases_bajos,0.0,0.0
categorical__order_country_normalized_per,0.0,0.0
categorical__order_country_normalized_polonia,0.0,0.0
categorical__order_country_normalized_portugal,0.0,0.0
categorical__order_country_normalized_qatar,0.0,0.0
categorical__order_country_normalized_reino_unido,0.0,0.0
categorical__order_country_normalized_repblica_centroafricana,0.0,0.0
categorical__order_country_normalized_repblica_checa,0.0,0.0
categorical__order_country_normalized_repblica_de_gambia,0.0,0.0
categorical__order_country_normalized_repblica_del_congo,0.0,0.0
categorical__order_country_normalized_repblica_dominicana,0.0,0.0
categorical__order_country_normalized_ruanda,0.0,0.0
categorical__order_country_normalized_rusia,0.0,0.0
categorical__order_country_normalized_senegal,0.0,0.0
categorical__order_country_normalized_shara_occidental,0.0,0.0
categorical__order_country_normalized_sierra_leona,0.0,0.0
categorical__order_country_normalized_singapur,0.0,0.0
categorical__order_country_normalized_siria,0.0,0.0
categorical__order_country_normalized_somalia,0.0,0.0
categorical__order_country_normalized_sri_lanka,0.0,0.0
categorical__order_country_normalized_suazilandia,0.0,0.0
categorical__order_country_normalized_sudafrica,0.0,0.0
categorical__order_country_normalized_sudn,0.0,0.0
categorical__order_country_normalized_sudn_del_sur,0.0,0.0
categorical__order_country_normalized_suiza,0.0,0.0
categorical__order_country_normalized_surinam,0.0,0.0
categorical__order_country_normalized_tailandia,0.0,0.0
categorical__order_country_normalized_taiwn,0.0,0.0
categorical__order_country_normalized_tanzania,0.0,0.0
categorical__order_country_normalized_tayikistn,0.0,0.0
categorical__order_country_normalized_tnez,0.0,0.0
categorical__order_country_normalized_togo,0.0,0.0
categorical__order_country_normalized_trinidad_y_tobago,0.0,0.0
categorical__order_country_normalized_turkmenistn,0.0,0.0
categorical__order_country_normalized_turqua,0.0,0.0
categorical__order_country_normalized_ucrania,0.0,0.0
categorical__order_country_normalized_uganda,0.0,0.0
categorical__order_country_normalized_uruguay,0.0,0.0
categorical__order_country_normalized_uzbekistn,0.0,0.0
categorical__order_country_normalized_venezuela,0.0,0.0
categorical__order_country_normalized_vietnam,0.0,0.0
categorical__order_country_normalized_yemen,0.0,0.0
categorical__order_country_normalized_yibuti,0.0,0.0
categorical__order_country_normalized_zambia,0.0,0.0
categorical__order_country_normalized_zimbabue,0.0,0.0
categorical__order_region_normalized_canada,0.0,0.0
categorical__order_region_normalized_caribbean,0.0,0.0
categorical__order_region_normalized_central_africa,0.0,0.0
categorical__order_region_normalized_central_asia,0.0,0.0
categorical__order_region_normalized_east_africa,0.0,0.0
categorical__order_region_normalized_east_of_usa,0.0,0.0
categorical__order_region_normalized_north_africa,0.0,0.0
categorical__order_region_normalized_northern_europe,0.0,0.0
categorical__order_region_normalized_south_of_usa,0.0,0.0
categorical__order_region_normalized_southeast_asia,0.0,0.0
categorical__order_region_normalized_southern_africa,0.0,0.0
categorical__order_region_normalized_southern_europe,0.0,0.0
categorical__order_region_normalized_us_center,0.0,0.0
categorical__order_region_normalized_west_africa,0.0,0.0
categorical__order_region_normalized_west_asia,0.0,0.0
categorical__order_season_fall,0.0,0.0
categorical__order_season_summer,0.0,0.0
categorical__order_season_winter,0.0,0.0
categorical__order_state_normalized_abia,0.0,0.0
categorical__order_state_normalized_abruzos,0.0,0.0
categorical__order_state_normalized_aceh,0.0,0.0
categorical__order_state_normalized_acre,0.0,0.0
categorical__order_state_normalized_adamaoua,0.0,0.0
categorical__order_state_normalized_adana,0.0,0.0
categorical__order_state_normalized_adiyaman,0.0,0.0
categorical__order_state_normalized_afyonkarahisar,0.0,0.0
categorical__order_state_normalized_aichi,0.0,0.0
categorical__order_state_normalized_ajmn,0.0,0.0
categorical__order_state_normalized_akmola,0.0,0.0
categorical__order_state_normalized_aksaray,0.0,0.0
categorical__order_state_normalized_akwa_ibom,0.0,0.0
categorical__order_state_normalized_al_asimah,0.0,0.0
categorical__order_state_normalized_al_bahr_al_ahmar,0.0,0.0
categorical__order_state_normalized_al_buhayrah,0.0,0.0
categorical__order_state_normalized_al_hudayda,0.0,0.0
categorical__order_state_normalized_al_jawf,0.0,0.0
categorical__order_state_normalized_al_marqab,0.0,0.0
categorical__order_state_normalized_alabama,0.0,0.0
categorical__order_state_normalized_alagoas,0.0,0.0
categorical__order_state_normalized_alberta,0.0,0.0
categorical__order_state_normalized_alger,0.0,0.0
categorical__order_state_normalized_alibori,0.0,0.0
categorical__order_state_normalized_almaty,0.0,0.0
categorical__order_state_normalized_alta_austria,0.0,0.0
categorical__order_state_normalized_amap,0.0,0.0
categorical__order_state_normalized_amasya,0.0,0.0
categorical__order_state_normalized_amazonas,0.0,0.0
categorical__order_state_normalized_amn,0.0,0.0
categorical__order_state_normalized_amur,0.0,0.0
categorical__order_state_normalized_anakkale,0.0,0.0
categorical__order_state_normalized_analamanga,0.0,0.0
categorical__order_state_normalized_anambra,0.0,0.0
categorical__order_state_normalized_andaluca,0.0,0.0
categorical__order_state_normalized_andhra_pradesh,0.0,0.0
categorical__order_state_normalized_andijn,0.0,0.0
categorical__order_state_normalized_anhui,0.0,0.0
categorical__order_state_normalized_ankara,0.0,0.0
categorical__order_state_normalized_annaba,0.0,0.0
categorical__order_state_normalized_antalya,0.0,0.0
categorical__order_state_normalized_antioqua,0.0,0.0
categorical__order_state_normalized_antofagasta,0.0,0.0
categorical__order_state_normalized_anzotegui,0.0,0.0
categorical__order_state_normalized_aomori,0.0,0.0
categorical__order_state_normalized_apulia,0.0,0.0
categorical__order_state_normalized_aquitanialemosnpoitoucharentes,0.0,0.0
categorical__order_state_normalized_arad,0.0,0.0
categorical__order_state_normalized_aragua,0.0,0.0
categorical__order_state_normalized_arauca,0.0,0.0
categorical__order_state_normalized_arbil,0.0,0.0
categorical__order_state_normalized_ardebil,0.0,0.0
categorical__order_state_normalized_arequipa,0.0,0.0
categorical__order_state_normalized_arges,0.0,0.0
categorical__order_state_normalized_arica_y_parinacota,0.0,0.0
categorical__order_state_normalized_arizona,0.0,0.0
categorical__order_state_normalized_arjnguelsk,0.0,0.0
categorical__order_state_normalized_arkansas,0.0,0.0
categorical__order_state_normalized_artemisa,0.0,0.0
categorical__order_state_normalized_artibonito,0.0,0.0
categorical__order_state_normalized_arusha,0.0,0.0
categorical__order_state_normalized_ash_sharqiyah,0.0,0.0
categorical__order_state_normalized_ashanti,0.0,0.0
categorical__order_state_normalized_asir,0.0,0.0
categorical__order_state_normalized_asjabad,0.0,0.0
categorical__order_state_normalized_assam,0.0,0.0
categorical__order_state_normalized_astan,0.0,0.0
categorical__order_state_normalized_astracn,0.0,0.0
categorical__order_state_normalized_asturias,0.0,0.0
categorical__order_state_normalized_asuncin,0.0,0.0
categorical__order_state_normalized_aswan,0.0,0.0
categorical__order_state_normalized_atacama,0.0,0.0
categorical__order_state_normalized_atakora,0.0,0.0
categorical__order_state_normalized_atlntico,0.0,0.0
categorical__order_state_normalized_atsimoandrefana,0.0,0.0
categorical__order_state_normalized_atsinanana,0.0,0.0
categorical__order_state_normalized_attica,0.0,0.0
categorical__order_state_normalized_auckland,0.0,0.0
categorical__order_state_normalized_australia_del_sur,0.0,0.0
categorical__order_state_normalized_australia_occidental,0.0,0.0
categorical__order_state_normalized_auvernia,0.0,0.0
categorical__order_state_normalized_aveiro,0.0,0.0
categorical__order_state_normalized_ayacucho,0.0,0.0
categorical__order_state_normalized_aydin,0.0,0.0
categorical__order_state_normalized_azuay,0.0,0.0
categorical__order_state_normalized_babilonia,0.0,0.0
categorical__order_state_normalized_bacau,0.0,0.0
categorical__order_state_normalized_baha,0.0,0.0
categorical__order_state_normalized_baja_california,0.0,0.0
categorical__order_state_normalized_baja_california_sur,0.0,0.0
categorical__order_state_normalized_baja_sajonia,0.0,0.0
categorical__order_state_normalized_bajo_congo,0.0,0.0
categorical__order_state_normalized_baki,0.0,0.0
categorical__order_state_normalized_bali,0.0,0.0
categorical__order_state_normalized_balikesir,0.0,0.0
categorical__order_state_normalized_balti,0.0,0.0
categorical__order_state_normalized_baluchistn,0.0,0.0
categorical__order_state_normalized_bamako,0.0,0.0
categorical__order_state_normalized_bandundu,0.0,0.0
categorical__order_state_normalized_bangkok,0.0,0.0
categorical__order_state_normalized_bangui,0.0,0.0
categorical__order_state_normalized_barahona,0.0,0.0
categorical__order_state_normalized_bashkortostn,0.0,0.0
categorical__order_state_normalized_basilicata,0.0,0.0
categorical__order_state_normalized_basora,0.0,0.0
categorical__order_state_normalized_batman,0.0,0.0
categorical__order_state_normalized_batna,0.0,0.0
categorical__order_state_normalized_bauchi,0.0,0.0
categorical__order_state_normalized_bavaria,0.0,0.0
categorical__order_state_normalized_bay_of_plenty,0.0,0.0
categorical__order_state_normalized_bchar,0.0,0.0
categorical__order_state_normalized_beirut,0.0,0.0
categorical__order_state_normalized_benadir,0.0,0.0
categorical__order_state_normalized_bengala_occidental,0.0,0.0
categorical__order_state_normalized_bengasi,0.0,0.0
categorical__order_state_normalized_bengkulu,0.0,0.0
categorical__order_state_normalized_benguela,0.0,0.0
categorical__order_state_normalized_benue,0.0,0.0
categorical__order_state_normalized_berln,0.0,0.0
categorical__order_state_normalized_berna,0.0,0.0
categorical__order_state_normalized_bihar,0.0,0.0
categorical__order_state_normalized_bihor,0.0,0.0
categorical__order_state_normalized_bishkek,0.0,0.0
categorical__order_state_normalized_bistritanasaud,0.0,0.0
categorical__order_state_normalized_bisu,0.0,0.0
categorical__order_state_normalized_blgorod,0.0,0.0
categorical__order_state_normalized_bobo,0.0,0.0
categorical__order_state_normalized_boeny,0.0,0.0
categorical__order_state_normalized_bolu,0.0,0.0
categorical__order_state_normalized_bolvar,0.0,0.0
categorical__order_state_normalized_borneo_meridional,0.0,0.0
categorical__order_state_normalized_borneo_occidental,0.0,0.0
categorical__order_state_normalized_borno,0.0,0.0
categorical__order_state_normalized_botosani,0.0,0.0
categorical__order_state_normalized_boyac,0.0,0.0
categorical__order_state_normalized_brabante_flamenco,0.0,0.0
categorical__order_state_normalized_brabante_septentrional,0.0,0.0
categorical__order_state_normalized_braga,0.0,0.0
categorical__order_state_normalized_braila,0.0,0.0
categorical__order_state_normalized_braov,0.0,0.0
categorical__order_state_normalized_bremen,0.0,0.0
categorical__order_state_normalized_brest,0.0,0.0
categorical__order_state_normalized_bretaa,0.0,0.0
categorical__order_state_normalized_briansk,0.0,0.0
categorical__order_state_normalized_bruselas,0.0,0.0
categorical__order_state_normalized_budapest,0.0,0.0
categorical__order_state_normalized_buenos_aires,0.0,0.0
categorical__order_state_normalized_buenos_aires_provincia,0.0,0.0
categorical__order_state_normalized_buga,0.0,0.0
categorical__order_state_normalized_bulawayo,0.0,0.0
categorical__order_state_normalized_bursa,0.0,0.0
categorical__order_state_normalized_busan,0.0,0.0
categorical__order_state_normalized_bushehr,0.0,0.0
categorical__order_state_normalized_buskerud,0.0,0.0
categorical__order_state_normalized_buzau,0.0,0.0
categorical__order_state_normalized_cabo_occidental,0.0,0.0
categorical__order_state_normalized_cadisia,0.0,0.0
categorical__order_state_normalized_cajamarca,0.0,0.0
categorical__order_state_normalized_calabria,0.0,0.0
categorical__order_state_normalized_caldas,0.0,0.0
categorical__order_state_normalized_california,0.0,0.0
categorical__order_state_normalized_callao,0.0,0.0
categorical__order_state_normalized_camagey,0.0,0.0
categorical__order_state_normalized_campeche,0.0,0.0
categorical__order_state_normalized_canelones,0.0,0.0
categorical__order_state_normalized_cantabria,0.0,0.0
categorical__order_state_normalized_canterbury,0.0,0.0
categorical__order_state_normalized_capital_nacional,0.0,0.0
categorical__order_state_normalized_caquet,0.0,0.0
categorical__order_state_normalized_carasseverin,0.0,0.0
categorical__order_state_normalized_carintia,0.0,0.0
categorical__order_state_normalized_carolina_del_norte,0.0,0.0
categorical__order_state_normalized_carolina_del_sur,0.0,0.0
categorical__order_state_normalized_casanare,0.0,0.0
categorical__order_state_normalized_castillala_mancha,0.0,0.0
categorical__order_state_normalized_catalua,0.0,0.0
categorical__order_state_normalized_catamarca,0.0,0.0
categorical__order_state_normalized_cear,0.0,0.0
categorical__order_state_normalized_central,0.0,0.0
categorical__order_state_normalized_centro,0.0,0.0
categorical__order_state_normalized_centrovalle_de_loira,0.0,0.0
categorical__order_state_normalized_cerdea,0.0,0.0
categorical__order_state_normalized_cesar,0.0,0.0
categorical__order_state_normalized_ceuta,0.0,0.0
categorical__order_state_normalized_chaco,0.0,0.0
categorical__order_state_normalized_chaguanas,0.0,0.0
categorical__order_state_normalized_chandigarh,0.0,0.0
categorical__order_state_normalized_chauauardiga,0.0,0.0
categorical__order_state_normalized_chelibinsk,0.0,0.0
categorical__order_state_normalized_cherkasy,0.0,0.0
categorical__order_state_normalized_chernihiv,0.0,0.0
categorical__order_state_normalized_chhattisgarh,0.0,0.0
categorical__order_state_normalized_chiapas,0.0,0.0
categorical__order_state_normalized_chiba,0.0,0.0
categorical__order_state_normalized_chihuahua,0.0,0.0
categorical__order_state_normalized_chimaltenango,0.0,0.0
categorical__order_state_normalized_chinandega,0.0,0.0
categorical__order_state_normalized_chisinu,0.0,0.0
categorical__order_state_normalized_chittagong,0.0,0.0
categorical__order_state_normalized_choc,0.0,0.0
categorical__order_state_normalized_choluteca,0.0,0.0
categorical__order_state_normalized_chubut,0.0,0.0
categorical__order_state_normalized_chukha,0.0,0.0
categorical__order_state_normalized_chungcheong_del_sur,0.0,0.0
categorical__order_state_normalized_chuquisaca,0.0,0.0
categorical__order_state_normalized_ciego_de_vila,0.0,0.0
categorical__order_state_normalized_cienfuegos,0.0,0.0
categorical__order_state_normalized_ciudad_de_almat,0.0,0.0
categorical__order_state_normalized_ciudad_ho_chi_minh,0.0,0.0
categorical__order_state_normalized_clebes_central,0.0,0.0
categorical__order_state_normalized_clebes_septentrional,0.0,0.0
categorical__order_state_normalized_clebes_suroriental,0.0,0.0
categorical__order_state_normalized_cluj,0.0,0.0
categorical__order_state_normalized_coahuila,0.0,0.0
categorical__order_state_normalized_cochabamba,0.0,0.0
categorical__order_state_normalized_coimbra,0.0,0.0
categorical__order_state_normalized_cojedes,0.0,0.0
categorical__order_state_normalized_colima,0.0,0.0
categorical__order_state_normalized_colorado,0.0,0.0
categorical__order_state_normalized_columbia_britnica,0.0,0.0
categorical__order_state_normalized_connecticut,0.0,0.0
categorical__order_state_normalized_constantina,0.0,0.0
categorical__order_state_normalized_constanza,0.0,0.0
categorical__order_state_normalized_copperbelt,0.0,0.0
categorical__order_state_normalized_cordillera,0.0,0.0
categorical__order_state_normalized_cork,0.0,0.0
categorical__order_state_normalized_corrientes,0.0,0.0
categorical__order_state_normalized_corse,0.0,0.0
categorical__order_state_normalized_corts,0.0,0.0
categorical__order_state_normalized_corum,0.0,0.0
categorical__order_state_normalized_costa,0.0,0.0
categorical__order_state_normalized_crdoba,0.0,0.0
categorical__order_state_normalized_cross_river,0.0,0.0
categorical__order_state_normalized_cundinamarca,0.0,0.0
categorical__order_state_normalized_d_nang,0.0,0.0
categorical__order_state_normalized_daca,0.0,0.0
categorical__order_state_normalized_daegu,0.0,0.0
categorical__order_state_normalized_daejeon,0.0,0.0
categorical__order_state_normalized_daguestn,0.0,0.0
categorical__order_state_normalized_dakar,0.0,0.0
categorical__order_state_normalized_dakota_del_norte,0.0,0.0
categorical__order_state_normalized_dakota_del_sur,0.0,0.0
categorical__order_state_normalized_dayr_az_zawr,0.0,0.0
categorical__order_state_normalized_delaware,0.0,0.0
categorical__order_state_normalized_delta,0.0,0.0
categorical__order_state_normalized_demeraraberbice_superior,0.0,0.0
categorical__order_state_normalized_denizli,0.0,0.0
categorical__order_state_normalized_departamento_atlntico,0.0,0.0
categorical__order_state_normalized_di_car,0.0,0.0
categorical__order_state_normalized_diana,0.0,0.0
categorical__order_state_normalized_diffa,0.0,0.0
categorical__order_state_normalized_dinamarca_meridional,0.0,0.0
categorical__order_state_normalized_distrito_de_cayo,0.0,0.0
categorical__order_state_normalized_distrito_de_columbia,0.0,0.0
categorical__order_state_normalized_distrito_federal,0.0,0.0
categorical__order_state_normalized_diyarbakir,0.0,0.0
categorical__order_state_normalized_djelfa,0.0,0.0
categorical__order_state_normalized_doha,0.0,0.0
categorical__order_state_normalized_dolj,0.0,0.0
categorical__order_state_normalized_donetsk,0.0,0.0
categorical__order_state_normalized_donga,0.0,0.0
categorical__order_state_normalized_drenthe,0.0,0.0
categorical__order_state_normalized_dubln,0.0,0.0
categorical__order_state_normalized_dubln_del_sur,0.0,0.0
categorical__order_state_normalized_dukalaabda,0.0,0.0
categorical__order_state_normalized_durrs,0.0,0.0
categorical__order_state_normalized_dzce,0.0,0.0
categorical__order_state_normalized_ecuatoria_central,0.0,0.0
categorical__order_state_normalized_edo,0.0,0.0
categorical__order_state_normalized_el_aain,0.0,0.0
categorical__order_state_normalized_el_beni,0.0,0.0
categorical__order_state_normalized_el_cairo,0.0,0.0
categorical__order_state_normalized_elazig,0.0,0.0
categorical__order_state_normalized_elbasan,0.0,0.0
categorical__order_state_normalized_emiliaromaa,0.0,0.0
categorical__order_state_normalized_entre_ros,0.0,0.0
categorical__order_state_normalized_enugu,0.0,0.0
categorical__order_state_normalized_erzurum,0.0,0.0
categorical__order_state_normalized_escania,0.0,0.0
categorical__order_state_normalized_escocia,0.0,0.0
categorical__order_state_normalized_escuintla,0.0,0.0
categorical__order_state_normalized_eskisehir,0.0,0.0
categorical__order_state_normalized_espaillat,0.0,0.0
categorical__order_state_normalized_espritu_santo,0.0,0.0
categorical__order_state_normalized_est,0.0,0.0
categorical__order_state_normalized_estado_libre,0.0,0.0
categorical__order_state_normalized_estambul,0.0,0.0
categorical__order_state_normalized_estel,0.0,0.0
categorical__order_state_normalized_estocolmo,0.0,0.0
categorical__order_state_normalized_estuaire,0.0,0.0
categorical__order_state_normalized_fars,0.0,0.0
categorical__order_state_normalized_fayn,0.0,0.0
categorical__order_state_normalized_federacin_de_bosnia_y_herzegovina,0.0,0.0
categorical__order_state_normalized_fezbulmn,0.0,0.0
categorical__order_state_normalized_flanders_occidental,0.0,0.0
categorical__order_state_normalized_florida,0.0,0.0
categorical__order_state_normalized_francisco_morazn,0.0,0.0
categorical__order_state_normalized_franzsischguayana,0.0,0.0
categorical__order_state_normalized_frisia,0.0,0.0
categorical__order_state_normalized_friulivenecia_julia,0.0,0.0
categorical__order_state_normalized_fujian,0.0,0.0
categorical__order_state_normalized_fukui,0.0,0.0
categorical__order_state_normalized_fukuoka,0.0,0.0
categorical__order_state_normalized_galati,0.0,0.0
categorical__order_state_normalized_gales,0.0,0.0
categorical__order_state_normalized_galicia,0.0,0.0
categorical__order_state_normalized_galway,0.0,0.0
categorical__order_state_normalized_gansu,0.0,0.0
categorical__order_state_normalized_garbchrardabeni_hsen,0.0,0.0
categorical__order_state_normalized_gauteng,0.0,0.0
categorical__order_state_normalized_gaziantep,0.0,0.0
categorical__order_state_normalized_geldres,0.0,0.0
categorical__order_state_normalized_georgia,0.0,0.0
categorical__order_state_normalized_gezira,0.0,0.0
categorical__order_state_normalized_gharbia,0.0,0.0
categorical__order_state_normalized_gisborne,0.0,0.0
categorical__order_state_normalized_giurgiu,0.0,0.0
categorical__order_state_normalized_gmel,0.0,0.0
categorical__order_state_normalized_gobolka_woqooyi_galbeed,0.0,0.0
categorical__order_state_normalized_gois,0.0,0.0
categorical__order_state_normalized_golestn,0.0,0.0
categorical__order_state_normalized_gorj,0.0,0.0
categorical__order_state_normalized_grad_zagreb,0.0,0.0
categorical__order_state_normalized_gran_accra,0.0,0.0
categorical__order_state_normalized_gran_casablanca,0.0,0.0
categorical__order_state_normalized_gran_polonia,0.0,0.0
categorical__order_state_normalized_gran_valle_del_rift,0.0,0.0
categorical__order_state_normalized_granada,0.0,0.0
categorical__order_state_normalized_granma,0.0,0.0
categorical__order_state_normalized_grodno,0.0,0.0
categorical__order_state_normalized_groningen,0.0,0.0
categorical__order_state_normalized_guadalupe,0.0,0.0
categorical__order_state_normalized_guanacaste,0.0,0.0
categorical__order_state_normalized_guanajuato,0.0,0.0
categorical__order_state_normalized_guangdong,0.0,0.0
categorical__order_state_normalized_guangxi,0.0,0.0
categorical__order_state_normalized_guantnamo,0.0,0.0
categorical__order_state_normalized_guatemala,0.0,0.0
categorical__order_state_normalized_guayas,0.0,0.0
categorical__order_state_normalized_guelma,0.0,0.0
categorical__order_state_normalized_guerrero,0.0,0.0
categorical__order_state_normalized_guiln,0.0,0.0
categorical__order_state_normalized_guizhou,0.0,0.0
categorical__order_state_normalized_gulu,0.0,0.0
categorical__order_state_normalized_gunma,0.0,0.0
categorical__order_state_normalized_gurico,0.0,0.0
categorical__order_state_normalized_gyeonggi,0.0,0.0
categorical__order_state_normalized_gyeongsangnam,0.0,0.0
categorical__order_state_normalized_gyr,0.0,0.0
categorical__order_state_normalized_haifa,0.0,0.0
categorical__order_state_normalized_hainan,0.0,0.0
categorical__order_state_normalized_hajdbihar,0.0,0.0
categorical__order_state_normalized_halland,0.0,0.0
categorical__order_state_normalized_hamadn,0.0,0.0
categorical__order_state_normalized_hamburgo,0.0,0.0
categorical__order_state_normalized_harare,0.0,0.0
categorical__order_state_normalized_harjumaa,0.0,0.0
categorical__order_state_normalized_hatay,0.0,0.0
categorical__order_state_normalized_hawkes_bay,0.0,0.0
categorical__order_state_normalized_hebei,0.0,0.0
categorical__order_state_normalized_hedmark,0.0,0.0
categorical__order_state_normalized_heilongjiang,0.0,0.0
categorical__order_state_normalized_henan,0.0,0.0
categorical__order_state_normalized_henao,0.0,0.0
categorical__order_state_normalized_herat,0.0,0.0
categorical__order_state_normalized_hesse,0.0,0.0
categorical__order_state_normalized_hidalgo,0.0,0.0
categorical__order_state_normalized_hims,0.0,0.0
categorical__order_state_normalized_hiroshima,0.0,0.0
categorical__order_state_normalized_hokkaido,0.0,0.0
categorical__order_state_normalized_holanda_meridional,0.0,0.0
categorical__order_state_normalized_holanda_septentrional,0.0,0.0
categorical__order_state_normalized_holgun,0.0,0.0
categorical__order_state_normalized_hong_kong,0.0,0.0
categorical__order_state_normalized_hordaland,0.0,0.0
categorical__order_state_normalized_hormozgn,0.0,0.0
categorical__order_state_normalized_hradec_krlov,0.0,0.0
categorical__order_state_normalized_huambo,0.0,0.0
categorical__order_state_normalized_hubei,0.0,0.0
categorical__order_state_normalized_huila,0.0,0.0
categorical__order_state_normalized_hyogo,0.0,0.0
categorical__order_state_normalized_iasi,0.0,0.0
categorical__order_state_normalized_iauliai,0.0,0.0
categorical__order_state_normalized_ibaraki,0.0,0.0
categorical__order_state_normalized_ica,0.0,0.0
categorical__order_state_normalized_idaho,0.0,0.0
categorical__order_state_normalized_igdir,0.0,0.0
categorical__order_state_normalized_ilam,0.0,0.0
categorical__order_state_normalized_ilina,0.0,0.0
categorical__order_state_normalized_illinois,0.0,0.0
categorical__order_state_normalized_imericia,0.0,0.0
categorical__order_state_normalized_indiana,0.0,0.0
categorical__order_state_normalized_inglaterra,0.0,0.0
categorical__order_state_normalized_iowa,0.0,0.0
categorical__order_state_normalized_isfahn,0.0,0.0
categorical__order_state_normalized_ishikawa,0.0,0.0
categorical__order_state_normalized_isla_de_francia,0.0,0.0
categorical__order_state_normalized_isla_de_la_juventud,0.0,0.0
categorical__order_state_normalized_islas_baleares,0.0,0.0
categorical__order_state_normalized_izmir,0.0,0.0
categorical__order_state_normalized_jaiber_pajtunju,0.0,0.0
categorical__order_state_normalized_jalisco,0.0,0.0
categorical__order_state_normalized_jambi,0.0,0.0
categorical__order_state_normalized_jammu_y_cachemira,0.0,0.0
categorical__order_state_normalized_jartum,0.0,0.0
categorical__order_state_normalized_java_central,0.0,0.0
categorical__order_state_normalized_java_occidental,0.0,0.0
categorical__order_state_normalized_jeju,0.0,0.0
categorical__order_state_normalized_jersn,0.0,0.0
categorical__order_state_normalized_jerusaln,0.0,0.0
categorical__order_state_normalized_jharkhand,0.0,0.0
categorical__order_state_normalized_jiangxi,0.0,0.0
categorical__order_state_normalized_jinja,0.0,0.0
categorical__order_state_normalized_jizn,0.0,0.0
categorical__order_state_normalized_jorasn_del_sur,0.0,0.0
categorical__order_state_normalized_jorasn_razav,0.0,0.0
categorical__order_state_normalized_jubbada_hoose,0.0,0.0
categorical__order_state_normalized_jujuy,0.0,0.0
categorical__order_state_normalized_junn,0.0,0.0
categorical__order_state_normalized_jutlandia_central,0.0,0.0
categorical__order_state_normalized_juzestn,0.0,0.0
categorical__order_state_normalized_kabardiabalkaria,0.0,0.0
categorical__order_state_normalized_kabarole,0.0,0.0
categorical__order_state_normalized_kabul,0.0,0.0
categorical__order_state_normalized_kagawa,0.0,0.0
categorical__order_state_normalized_kahramanmara,0.0,0.0
categorical__order_state_normalized_kalimantan_oriental,0.0,0.0
categorical__order_state_normalized_kaliningrado,0.0,0.0
categorical__order_state_normalized_kaluga,0.0,0.0
categorical__order_state_normalized_kampala,0.0,0.0
categorical__order_state_normalized_kanagawa,0.0,0.0
categorical__order_state_normalized_kandahar,0.0,0.0
categorical__order_state_normalized_kankan,0.0,0.0
categorical__order_state_normalized_kano,0.0,0.0
categorical__order_state_normalized_kansas,0.0,0.0
categorical__order_state_normalized_kara,0.0,0.0
categorical__order_state_normalized_karagand,0.0,0.0
categorical__order_state_normalized_karbala,0.0,0.0
categorical__order_state_normalized_karnataka,0.0,0.0
categorical__order_state_normalized_kasai_occidental,0.0,0.0
categorical__order_state_normalized_kasai_oriental,0.0,0.0
categorical__order_state_normalized_kasala,0.0,0.0
categorical__order_state_normalized_kashkadar,0.0,0.0
categorical__order_state_normalized_katanga,0.0,0.0
categorical__order_state_normalized_katsina,0.0,0.0
categorical__order_state_normalized_kaunas,0.0,0.0
categorical__order_state_normalized_kayes,0.0,0.0
categorical__order_state_normalized_kayseri,0.0,0.0
categorical__order_state_normalized_kerala,0.0,0.0
categorical__order_state_normalized_kerman,0.0,0.0
categorical__order_state_normalized_kermanshah,0.0,0.0
categorical__order_state_normalized_khatlon,0.0,0.0
categorical__order_state_normalized_khmelnytskyi,0.0,0.0
categorical__order_state_normalized_khnh_ha,0.0,0.0
categorical__order_state_normalized_khomas,0.0,0.0
categorical__order_state_normalized_kigali,0.0,0.0
categorical__order_state_normalized_kigoma,0.0,0.0
categorical__order_state_normalized_kilimanjaro,0.0,0.0
categorical__order_state_normalized_kin_giang,0.0,0.0
categorical__order_state_normalized_kinshasa,0.0,0.0
categorical__order_state_normalized_kirovohrad,0.0,0.0
categorical__order_state_normalized_kirsehir,0.0,0.0
categorical__order_state_normalized_klaipda,0.0,0.0
categorical__order_state_normalized_kocaeli,0.0,0.0
categorical__order_state_normalized_konya,0.0,0.0
categorical__order_state_normalized_kor,0.0,0.0
categorical__order_state_normalized_kostani,0.0,0.0
categorical__order_state_normalized_ktahya,0.0,0.0
categorical__order_state_normalized_kuala_lumpur,0.0,0.0
categorical__order_state_normalized_kumanovo,0.0,0.0
categorical__order_state_normalized_kwara,0.0,0.0
categorical__order_state_normalized_kymenlaakso,0.0,0.0
categorical__order_state_normalized_la_libertad,0.0,0.0
categorical__order_state_normalized_la_pampa,0.0,0.0
categorical__order_state_normalized_la_paz,0.0,0.0
categorical__order_state_normalized_la_rioja,0.0,0.0
categorical__order_state_normalized_la_romana,0.0,0.0
categorical__order_state_normalized_la_vega,0.0,0.0
categorical__order_state_normalized_lacs,0.0,0.0
categorical__order_state_normalized_lagos,0.0,0.0
categorical__order_state_normalized_lagunes,0.0,0.0
categorical__order_state_normalized_lambayeque,0.0,0.0
categorical__order_state_normalized_lara,0.0,0.0
categorical__order_state_normalized_las_tunas,0.0,0.0
categorical__order_state_normalized_lebap,0.0,0.0
categorical__order_state_normalized_len,0.0,0.0
categorical__order_state_normalized_liaoning,0.0,0.0
categorical__order_state_normalized_liberec,0.0,0.0
categorical__order_state_normalized_lieja,0.0,0.0
categorical__order_state_normalized_liguria,0.0,0.0
categorical__order_state_normalized_lima_ciudad,0.0,0.0
categorical__order_state_normalized_limpopo,0.0,0.0
categorical__order_state_normalized_lisboa,0.0,0.0
categorical__order_state_normalized_littoral,0.0,0.0
categorical__order_state_normalized_liubliana,0.0,0.0
categorical__order_state_normalized_lodz,0.0,0.0
categorical__order_state_normalized_lorestan,0.0,0.0
categorical__order_state_normalized_loreto,0.0,0.0
categorical__order_state_normalized_lori,0.0,0.0
categorical__order_state_normalized_los_lagos,0.0,0.0
categorical__order_state_normalized_los_ros,0.0,0.0
categorical__order_state_normalized_lublin,0.0,0.0
categorical__order_state_normalized_lucerna,0.0,0.0
categorical__order_state_normalized_lugansk,0.0,0.0
categorical__order_state_normalized_luisiana,0.0,0.0
categorical__order_state_normalized_lusaka,0.0,0.0
categorical__order_state_normalized_luxemburgo,0.0,0.0
categorical__order_state_normalized_luzn_central,0.0,0.0
categorical__order_state_normalized_lviv,0.0,0.0
categorical__order_state_normalized_madhya_pradesh,0.0,0.0
categorical__order_state_normalized_madrid,0.0,0.0
categorical__order_state_normalized_magallanes_y_antrtica_chilena,0.0,0.0
categorical__order_state_normalized_magdalena,0.0,0.0
categorical__order_state_normalized_maharashtra,0.0,0.0
categorical__order_state_normalized_maine,0.0,0.0
categorical__order_state_normalized_maluku,0.0,0.0
categorical__order_state_normalized_manab,0.0,0.0
categorical__order_state_normalized_managua,0.0,0.0
categorical__order_state_normalized_manica,0.0,0.0
categorical__order_state_normalized_maniema,0.0,0.0
categorical__order_state_normalized_manipur,0.0,0.0
categorical__order_state_normalized_manitoba,0.0,0.0
categorical__order_state_normalized_manzini,0.0,0.0
categorical__order_state_normalized_maputo,0.0,0.0
categorical__order_state_normalized_mar_rojo,0.0,0.0
categorical__order_state_normalized_mara,0.0,0.0
categorical__order_state_normalized_maradi,0.0,0.0
categorical__order_state_normalized_maramures,0.0,0.0
categorical__order_state_normalized_maran,0.0,0.0
categorical__order_state_normalized_mardin,0.0,0.0
categorical__order_state_normalized_markaz,0.0,0.0
categorical__order_state_normalized_marlborough,0.0,0.0
categorical__order_state_normalized_marrakechtensiftal_hauz,0.0,0.0
categorical__order_state_normalized_martima,0.0,0.0
categorical__order_state_normalized_martinica,0.0,0.0
categorical__order_state_normalized_mary,0.0,0.0
categorical__order_state_normalized_masaya,0.0,0.0
categorical__order_state_normalized_mascate,0.0,0.0
categorical__order_state_normalized_maseru,0.0,0.0
categorical__order_state_normalized_massachusetts,0.0,0.0
categorical__order_state_normalized_matagalpa,0.0,0.0
categorical__order_state_normalized_mato_grosso,0.0,0.0
categorical__order_state_normalized_mato_grosso_del_sur,0.0,0.0
categorical__order_state_normalized_mayabeque,0.0,0.0
categorical__order_state_normalized_mazandarn,0.0,0.0
categorical__order_state_normalized_mbeya,0.0,0.0
categorical__order_state_normalized_meca,0.0,0.0
categorical__order_state_normalized_mecklemburgopomerania_occidental,0.0,0.0
categorical__order_state_normalized_medina,0.0,0.0
categorical__order_state_normalized_mehedinti,0.0,0.0
categorical__order_state_normalized_melilla,0.0,0.0
categorical__order_state_normalized_mendoza,0.0,0.0
categorical__order_state_normalized_menia,0.0,0.0
categorical__order_state_normalized_mequineztafilalet,0.0,0.0
categorical__order_state_normalized_meridional,0.0,0.0
categorical__order_state_normalized_mersin,0.0,0.0
categorical__order_state_normalized_mesena,0.0,0.0
categorical__order_state_normalized_michigan,0.0,0.0
categorical__order_state_normalized_michoacn,0.0,0.0
categorical__order_state_normalized_mie,0.0,0.0
categorical__order_state_normalized_minas_gerais,0.0,0.0
categorical__order_state_normalized_mindanao_septentrional,0.0,0.0
categorical__order_state_normalized_minnesota,0.0,0.0
categorical__order_state_normalized_miranda,0.0,0.0
categorical__order_state_normalized_misiones,0.0,0.0
categorical__order_state_normalized_misisipi,0.0,0.0
categorical__order_state_normalized_misurata,0.0,0.0
categorical__order_state_normalized_misuri,0.0,0.0
categorical__order_state_normalized_monagas,0.0,0.0
categorical__order_state_normalized_mongolia_interior,0.0,0.0
categorical__order_state_normalized_monseor_nouel,0.0,0.0
categorical__order_state_normalized_montana,0.0,0.0
categorical__order_state_normalized_montevideo,0.0,0.0
categorical__order_state_normalized_montserrado,0.0,0.0
categorical__order_state_normalized_mopti,0.0,0.0
categorical__order_state_normalized_moquegua,0.0,0.0
categorical__order_state_normalized_morelos,0.0,0.0
categorical__order_state_normalized_morogoro,0.0,0.0
categorical__order_state_normalized_mostaganem,0.0,0.0
categorical__order_state_normalized_mpumalanga,0.0,0.0
categorical__order_state_normalized_mtwara,0.0,0.0
categorical__order_state_normalized_mwanza,0.0,0.0
categorical__order_state_normalized_mykolayiv,0.0,0.0
categorical__order_state_normalized_nagano,0.0,0.0
categorical__order_state_normalized_nagasaki,0.0,0.0
categorical__order_state_normalized_nairobi,0.0,0.0
categorical__order_state_normalized_nakhon_ratchasima,0.0,0.0
categorical__order_state_normalized_namangn,0.0,0.0
categorical__order_state_normalized_namibe,0.0,0.0
categorical__order_state_normalized_nampula,0.0,0.0
categorical__order_state_normalized_namur,0.0,0.0
categorical__order_state_normalized_nangarhar,0.0,0.0
categorical__order_state_normalized_nario,0.0,0.0
categorical__order_state_normalized_navarra,0.0,0.0
categorical__order_state_normalized_nayarit,0.0,0.0
categorical__order_state_normalized_neamt,0.0,0.0
categorical__order_state_normalized_nebraska,0.0,0.0
categorical__order_state_normalized_negeri_sembilan,0.0,0.0
categorical__order_state_normalized_nelson,0.0,0.0
categorical__order_state_normalized_neuqun,0.0,0.0
categorical__order_state_normalized_nevada,0.0,0.0
categorical__order_state_normalized_nevsehir,0.0,0.0
categorical__order_state_normalized_nger,0.0,0.0
categorical__order_state_normalized_niamey,0.0,0.0
categorical__order_state_normalized_niari,0.0,0.0
categorical__order_state_normalized_niassa,0.0,0.0
categorical__order_state_normalized_nicosia,0.0,0.0
categorical__order_state_normalized_nilo_blanco,0.0,0.0
categorical__order_state_normalized_ningxia_hui,0.0,0.0
categorical__order_state_normalized_nnive,0.0,0.0
categorical__order_state_normalized_nom_pen,0.0,0.0
categorical__order_state_normalized_nord,0.0,0.0
categorical__order_state_normalized_nordouest,0.0,0.0
categorical__order_state_normalized_normanda,0.0,0.0
categorical__order_state_normalized_noroeste,0.0,0.0
categorical__order_state_normalized_nortepaso_de_calaispicarda,0.0,0.0
categorical__order_state_normalized_northland,0.0,0.0
categorical__order_state_normalized_nouakchott,0.0,0.0
categorical__order_state_normalized_nueva_escocia,0.0,0.0
categorical__order_state_normalized_nueva_esparta,0.0,0.0
categorical__order_state_normalized_nueva_gales_del_sur,0.0,0.0
categorical__order_state_normalized_nuevo_len,0.0,0.0
categorical__order_state_normalized_nuevo_mxico,0.0,0.0
categorical__order_state_normalized_nusa_tenggara_oriental,0.0,0.0
categorical__order_state_normalized_nyanza,0.0,0.0
categorical__order_state_normalized_nzrkor,0.0,0.0
categorical__order_state_normalized_oaxaca,0.0,0.0
categorical__order_state_normalized_occidental,0.0,0.0
categorical__order_state_normalized_odisha,0.0,0.0
categorical__order_state_normalized_ogun,0.0,0.0
categorical__order_state_normalized_ohiggins,0.0,0.0
categorical__order_state_normalized_ohio,0.0,0.0
categorical__order_state_normalized_oita,0.0,0.0
categorical__order_state_normalized_okayama,0.0,0.0
categorical__order_state_normalized_oklahoma,0.0,0.0
categorical__order_state_normalized_ondo,0.0,0.0
categorical__order_state_normalized_opole,0.0,0.0
categorical__order_state_normalized_oriental,0.0,0.0
categorical__order_state_normalized_orn,0.0,0.0
categorical__order_state_normalized_oruro,0.0,0.0
categorical__order_state_normalized_osaka,0.0,0.0
categorical__order_state_normalized_osh,0.0,0.0
categorical__order_state_normalized_osjeckobaranjska,0.0,0.0
categorical__order_state_normalized_oslo,0.0,0.0
categorical__order_state_normalized_osmaniye,0.0,0.0
categorical__order_state_normalized_osun,0.0,0.0
categorical__order_state_normalized_otago,0.0,0.0
categorical__order_state_normalized_ouest,0.0,0.0
categorical__order_state_normalized_ouest_del_sur,0.0,0.0
categorical__order_state_normalized_oum,0.0,0.0
categorical__order_state_normalized_overijssel,0.0,0.0
categorical__order_state_normalized_oyo,0.0,0.0
categorical__order_state_normalized_pahang,0.0,0.0
categorical__order_state_normalized_papua,0.0,0.0
categorical__order_state_normalized_par,0.0,0.0
categorical__order_state_normalized_paraba,0.0,0.0
categorical__order_state_normalized_paramaribo,0.0,0.0
categorical__order_state_normalized_paran,0.0,0.0
categorical__order_state_normalized_pas_vasco,0.0,0.0
categorical__order_state_normalized_pases_del_loira,0.0,0.0
categorical__order_state_normalized_pavlodar,0.0,0.0
categorical__order_state_normalized_pazardzhik,0.0,0.0
categorical__order_state_normalized_pekn,0.0,0.0
categorical__order_state_normalized_perak,0.0,0.0
categorical__order_state_normalized_peravia,0.0,0.0
categorical__order_state_normalized_pernambuco,0.0,0.0
categorical__order_state_normalized_piamonte,0.0,0.0
categorical__order_state_normalized_piau,0.0,0.0
categorical__order_state_normalized_pichincha,0.0,0.0
categorical__order_state_normalized_piura,0.0,0.0
categorical__order_state_normalized_plateau,0.0,0.0
categorical__order_state_normalized_plateaux,0.0,0.0
categorical__order_state_normalized_plovdiv,0.0,0.0
categorical__order_state_normalized_podgorica,0.0,0.0
categorical__order_state_normalized_podlaquia,0.0,0.0
categorical__order_state_normalized_poltava,0.0,0.0
categorical__order_state_normalized_pomerania,0.0,0.0
categorical__order_state_normalized_porto,0.0,0.0
categorical__order_state_normalized_portuguesa,0.0,0.0
categorical__order_state_normalized_potos,0.0,0.0
categorical__order_state_normalized_praga,0.0,0.0
categorical__order_state_normalized_prahova,0.0,0.0
categorical__order_state_normalized_prefectura_de_vientin,0.0,0.0
categorical__order_state_normalized_primorjegorski_kotar,0.0,0.0
categorical__order_state_normalized_provenzaalpescosta_azul,0.0,0.0
categorical__order_state_normalized_provincia_oriental,0.0,0.0
categorical__order_state_normalized_puducherry,0.0,0.0
categorical__order_state_normalized_puebla,0.0,0.0
categorical__order_state_normalized_puerto_sad,0.0,0.0
categorical__order_state_normalized_puno,0.0,0.0
categorical__order_state_normalized_punyab,0.0,0.0
categorical__order_state_normalized_qazvn,0.0,0.0
categorical__order_state_normalized_qina,0.0,0.0
categorical__order_state_normalized_qinghai,0.0,0.0
categorical__order_state_normalized_qom,0.0,0.0
categorical__order_state_normalized_quateur,0.0,0.0
categorical__order_state_normalized_quebec,0.0,0.0
categorical__order_state_normalized_quertaro,0.0,0.0
categorical__order_state_normalized_quezaltenango,0.0,0.0
categorical__order_state_normalized_quindo,0.0,0.0
categorical__order_state_normalized_rabatsalzemurzaer,0.0,0.0
categorical__order_state_normalized_rajastn,0.0,0.0
categorical__order_state_normalized_rajshahi,0.0,0.0
categorical__order_state_normalized_rangn,0.0,0.0
categorical__order_state_normalized_ras_aljaima,0.0,0.0
categorical__order_state_normalized_regin_capital,0.0,0.0
categorical__order_state_normalized_renaniapalatinado,0.0,0.0
categorical__order_state_normalized_rhode_island,0.0,0.0
categorical__order_state_normalized_rio_grande_do_sul,0.0,0.0
categorical__order_state_normalized_rivera,0.0,0.0
categorical__order_state_normalized_rivne,0.0,0.0
categorical__order_state_normalized_ro_de_janeiro,0.0,0.0
categorical__order_state_normalized_ro_grande_del_norte,0.0,0.0
categorical__order_state_normalized_ro_negro,0.0,0.0
categorical__order_state_normalized_rogaland,0.0,0.0
categorical__order_state_normalized_rondnia,0.0,0.0
categorical__order_state_normalized_roraima,0.0,0.0
categorical__order_state_normalized_ros,0.0,0.0
categorical__order_state_normalized_ruvuma,0.0,0.0
categorical__order_state_normalized_sabah,0.0,0.0
categorical__order_state_normalized_saga,0.0,0.0
categorical__order_state_normalized_saida,0.0,0.0
categorical__order_state_normalized_saintlouis,0.0,0.0
categorical__order_state_normalized_saitama,0.0,0.0
categorical__order_state_normalized_sajoniaanhalt,0.0,0.0
categorical__order_state_normalized_salta,0.0,0.0
categorical__order_state_normalized_salzburgo,0.0,0.0
categorical__order_state_normalized_samsun,0.0,0.0
categorical__order_state_normalized_san_cristbal,0.0,0.0
categorical__order_state_normalized_san_galo,0.0,0.0
categorical__order_state_normalized_san_luis,0.0,0.0
categorical__order_state_normalized_san_luis_potos,0.0,0.0
categorical__order_state_normalized_san_miguel,0.0,0.0
categorical__order_state_normalized_san_pedro_de_macors,0.0,0.0
categorical__order_state_normalized_san_salvador,0.0,0.0
categorical__order_state_normalized_sanliurfa,0.0,0.0
categorical__order_state_normalized_santa_ana,0.0,0.0
categorical__order_state_normalized_santa_caterina,0.0,0.0
categorical__order_state_normalized_santa_cruz,0.0,0.0
categorical__order_state_normalized_santander,0.0,0.0
categorical__order_state_normalized_santiago_de_chile,0.0,0.0
categorical__order_state_normalized_santiago_de_cuba,0.0,0.0
categorical__order_state_normalized_santiago_del_estero,0.0,0.0
categorical__order_state_normalized_santo_domingo,0.0,0.0
categorical__order_state_normalized_sarre,0.0,0.0
categorical__order_state_normalized_schleswigholstein,0.0,0.0
categorical__order_state_normalized_sdermanland,0.0,0.0
categorical__order_state_normalized_sel,0.0,0.0
categorical__order_state_normalized_selandia,0.0,0.0
categorical__order_state_normalized_selangor,0.0,0.0
categorical__order_state_normalized_semnn,0.0,0.0
categorical__order_state_normalized_septentrional,0.0,0.0
categorical__order_state_normalized_sergipe,0.0,0.0
categorical__order_state_normalized_sevastopol,0.0,0.0
categorical__order_state_normalized_shaanxi,0.0,0.0
categorical__order_state_normalized_shandong,0.0,0.0
categorical__order_state_normalized_shanghi,0.0,0.0
categorical__order_state_normalized_shanxi,0.0,0.0
categorical__order_state_normalized_shinyanga,0.0,0.0
categorical__order_state_normalized_shizuoka,0.0,0.0
categorical__order_state_normalized_shumen,0.0,0.0
categorical__order_state_normalized_sibiu,0.0,0.0
categorical__order_state_normalized_sichuan,0.0,0.0
categorical__order_state_normalized_siirt,0.0,0.0
categorical__order_state_normalized_silesia,0.0,0.0
categorical__order_state_normalized_sinaloa,0.0,0.0
categorical__order_state_normalized_singapur,0.0,0.0
categorical__order_state_normalized_sirnak,0.0,0.0
categorical__order_state_normalized_sistn_y_baluchistn,0.0,0.0
categorical__order_state_normalized_sivas,0.0,0.0
categorical__order_state_normalized_skikda,0.0,0.0
categorical__order_state_normalized_sliven,0.0,0.0
categorical__order_state_normalized_so_paulo,0.0,0.0
categorical__order_state_normalized_sofaciudad,0.0,0.0
categorical__order_state_normalized_sofala,0.0,0.0
categorical__order_state_normalized_sokoto,0.0,0.0
categorical__order_state_normalized_sonora,0.0,0.0
categorical__order_state_normalized_sonsonate,0.0,0.0
categorical__order_state_normalized_southland,0.0,0.0
categorical__order_state_normalized_st_nad_labem,0.0,0.0
categorical__order_state_normalized_stiria,0.0,0.0
categorical__order_state_normalized_stvropol,0.0,0.0
categorical__order_state_normalized_suceava,0.0,0.0
categorical__order_state_normalized_sucre,0.0,0.0
categorical__order_state_normalized_sudeste,0.0,0.0
categorical__order_state_normalized_suhaj,0.0,0.0
categorical__order_state_normalized_sumatra_meridional,0.0,0.0
categorical__order_state_normalized_sumatra_occidental,0.0,0.0
categorical__order_state_normalized_sumatra_septentrional,0.0,0.0
categorical__order_state_normalized_sumy,0.0,0.0
categorical__order_state_normalized_surjandarn,0.0,0.0
categorical__order_state_normalized_susmasadraa,0.0,0.0
categorical__order_state_normalized_sylhet,0.0,0.0
categorical__order_state_normalized_tabora,0.0,0.0
categorical__order_state_normalized_tabuk,0.0,0.0
categorical__order_state_normalized_tadlaazilal,0.0,0.0
categorical__order_state_normalized_taipi,0.0,0.0
categorical__order_state_normalized_taiz,0.0,0.0
categorical__order_state_normalized_tamil_nadu,0.0,0.0
categorical__order_state_normalized_taranaki,0.0,0.0
categorical__order_state_normalized_tarapac,0.0,0.0
categorical__order_state_normalized_tarija,0.0,0.0
categorical__order_state_normalized_tasmania,0.0,0.0
categorical__order_state_normalized_tazaalhucemastaunat,0.0,0.0
categorical__order_state_normalized_tchira,0.0,0.0
categorical__order_state_normalized_tehern,0.0,0.0
categorical__order_state_normalized_tekirdag,0.0,0.0
categorical__order_state_normalized_tel_aviv,0.0,0.0
categorical__order_state_normalized_telangana,0.0,0.0
categorical__order_state_normalized_tennessee,0.0,0.0
categorical__order_state_normalized_ternpil,0.0,0.0
categorical__order_state_normalized_terranova,0.0,0.0
categorical__order_state_normalized_territorio_de_la_capital_australiana,0.0,0.0
categorical__order_state_normalized_territorio_de_la_capital_federal,0.0,0.0
categorical__order_state_normalized_territorio_del_norte,0.0,0.0
categorical__order_state_normalized_tete,0.0,0.0
categorical__order_state_normalized_texas,0.0,0.0
categorical__order_state_normalized_th_d_h_ni,0.0,0.0
categorical__order_state_normalized_this,0.0,0.0
categorical__order_state_normalized_tianjin,0.0,0.0
categorical__order_state_normalized_tiflis,0.0,0.0
categorical__order_state_normalized_timis,0.0,0.0
categorical__order_state_normalized_tipaza,0.0,0.0
categorical__order_state_normalized_tirol,0.0,0.0
categorical__order_state_normalized_tizi_ouzou,0.0,0.0
categorical__order_state_normalized_tnez,0.0,0.0
categorical__order_state_normalized_tngertetun,0.0,0.0
categorical__order_state_normalized_tnh_cn_th,0.0,0.0
categorical__order_state_normalized_tocantins,0.0,0.0
categorical__order_state_normalized_tochigi,0.0,0.0
categorical__order_state_normalized_tokat,0.0,0.0
categorical__order_state_normalized_tokio,0.0,0.0
categorical__order_state_normalized_toscana,0.0,0.0
categorical__order_state_normalized_tottori,0.0,0.0
categorical__order_state_normalized_trebisonda,0.0,0.0
categorical__order_state_normalized_trengganu,0.0,0.0
categorical__order_state_normalized_trentinoalto_adigio,0.0,0.0
categorical__order_state_normalized_tripura,0.0,0.0
categorical__order_state_normalized_turingia,0.0,0.0
categorical__order_state_normalized_ucayali,0.0,0.0
categorical__order_state_normalized_uln_bator,0.0,0.0
categorical__order_state_normalized_ulsan,0.0,0.0
categorical__order_state_normalized_upsala,0.0,0.0
categorical__order_state_normalized_usak,0.0,0.0
categorical__order_state_normalized_utah,0.0,0.0
categorical__order_state_normalized_utrecht,0.0,0.0
categorical__order_state_normalized_uttar_pradesh,0.0,0.0
categorical__order_state_normalized_uttarakhand,0.0,0.0
categorical__order_state_normalized_uusimaa,0.0,0.0
categorical__order_state_normalized_valle_del_cauca,0.0,0.0
categorical__order_state_normalized_valle_du_bandama,0.0,0.0
categorical__order_state_normalized_van,0.0,0.0
categorical__order_state_normalized_varna,0.0,0.0
categorical__order_state_normalized_vaud,0.0,0.0
categorical__order_state_normalized_veracruz,0.0,0.0
categorical__order_state_normalized_vermont,0.0,0.0
categorical__order_state_normalized_vestagder,0.0,0.0
categorical__order_state_normalized_viena,0.0,0.0
categorical__order_state_normalized_villa_clara,0.0,0.0
categorical__order_state_normalized_vilna,0.0,0.0
categorical__order_state_normalized_virginia,0.0,0.0
categorical__order_state_normalized_virginia_occidental,0.0,0.0
categorical__order_state_normalized_visayas_occidental,0.0,0.0
categorical__order_state_normalized_vitsyebsk,0.0,0.0
categorical__order_state_normalized_vlor,0.0,0.0
categorical__order_state_normalized_vneto,0.0,0.0
categorical__order_state_normalized_vnnytsia,0.0,0.0
categorical__order_state_normalized_volinia,0.0,0.0
categorical__order_state_normalized_vrancea,0.0,0.0
categorical__order_state_normalized_vrmland,0.0,0.0
categorical__order_state_normalized_vstra_gtaland,0.0,0.0
categorical__order_state_normalized_waikato,0.0,0.0
categorical__order_state_normalized_wellington,0.0,0.0
categorical__order_state_normalized_wisconsin,0.0,0.0
categorical__order_state_normalized_xinjiang_uygur,0.0,0.0
categorical__order_state_normalized_yakarta,0.0,0.0
categorical__order_state_normalized_yalova,0.0,0.0
categorical__order_state_normalized_yamaguchi,0.0,0.0
categorical__order_state_normalized_yaracuy,0.0,0.0
categorical__order_state_normalized_yaroslavl,0.0,0.0
categorical__order_state_normalized_yazd,0.0,0.0
categorical__order_state_normalized_yibuti,0.0,0.0
categorical__order_state_normalized_yobe,0.0,0.0
categorical__order_state_normalized_yogyakarta,0.0,0.0
categorical__order_state_normalized_yoro,0.0,0.0
categorical__order_state_normalized_yucatn,0.0,0.0
categorical__order_state_normalized_yunnan,0.0,0.0
categorical__order_state_normalized_zacatecas,0.0,0.0
categorical__order_state_normalized_zagrebacka,0.0,0.0
categorical__order_state_normalized_zanyn,0.0,0.0
categorical__order_state_normalized_zaporiyia,0.0,0.0
categorical__order_state_normalized_zelanda,0.0,0.0
categorical__order_state_normalized_zhambyl,0.0,0.0
categorical__order_state_normalized_zhejiang,0.0,0.0
categorical__order_state_normalized_zhytmyr,0.0,0.0
categorical__order_state_normalized_zrich,0.0,0.0
categorical__order_state_normalized_zulia,0.0,0.0
categorical__product_category_key_11_fitness_accessories,0.0,0.0
categorical__product_category_key_12_boxing_&_mma,0.0,0.0
categorical__product_category_key_13_electronics,0.0,0.0
categorical__product_category_key_18_men's_footwear,0.0,0.0
categorical__product_category_key_24_women's_apparel,0.0,0.0
categorical__product_category_key_26_girls'_apparel,0.0,0.0
categorical__product_category_key_29_shop_by_sport,0.0,0.0
categorical__product_category_key_32_golf_apparel,0.0,0.0
categorical__product_category_key_33_golf_shoes,0.0,0.0
categorical__product_category_key_35_golf_gloves,0.0,0.0
categorical__product_category_key_36_golf_balls,0.0,0.0
categorical__product_category_key_37_electronics,0.0,0.0
categorical__product_category_key_3_baseball_&_softball,0.0,0.0
categorical__product_category_key_40_accessories,0.0,0.0
categorical__product_category_key_41_trade-in,0.0,0.0
categorical__product_category_key_43_camping_&_hiking,0.0,0.0
categorical__product_category_key_44_hunting_&_shooting,0.0,0.0
categorical__product_category_key_45_fishing,0.0,0.0
categorical__product_category_key_46_indoor/outdoor_games,0.0,0.0
categorical__product_category_key_48_water_sports,0.0,0.0
categorical__product_category_key_5_lacrosse,0.0,0.0
categorical__product_category_key_6_tennis_&_racquet,0.0,0.0
categorical__product_category_key_7_hockey,0.0,0.0
categorical__product_category_key_9_cardio_equipment,0.0,0.0
categorical__product_department_key_2_fitness,0.0,0.0
categorical__product_department_key_3_footwear,0.0,0.0
categorical__product_department_key_4_apparel,0.0,0.0
categorical__product_department_key_6_outdoors,0.0,0.0
categorical__product_department_key_7_fan_shop,0.0,0.0
categorical__shipping_mode_normalized_standard_class,0.0,0.0
categorical__shipping_speed_tier_economy,0.0,0.0
categorical__shipping_speed_tier_expedited,0.0,0.0
